prompt,circuit
"Create a circuit with an ESP32-C3-DevKitM-1 board, connected to a serial monitor. The board should have the TX pin of the ESP32 connected to the RX pin of the serial monitor, and the RX pin of the ESP32 connected to the TX pin of the serial monitor. The serial monitor should be set to display as a terminal, with a newline character of LF and no conversion of end-of-line characters. The board should be configured to use the Rust-nostd-esp builder.","{\n  ""version"": 1,\n  ""author"": ""Shakib"",\n  ""parts"": [\n    {\n      ""type"": ""esp32-devkit-v1"",\n      ""id"": ""esp"",\n      ""top"": 100,\n      ""left"": 200,\n      ""attrs"": {}\n    },\n    {\n      ""type"": ""hc05"",\n      ""id"": ""serial-monitor"",\n      ""top"": 100,\n      ""left"": 400,\n      ""attrs"": {}\n    }\n  ],\n  ""connections"": [\n    [\n      ""esp:TX0"",\n      ""serial-monitor:RX"",\n      ""blue"",\n      []\n    ],\n    [\n      ""esp:RX0"",\n      ""serial-monitor:TX"",\n      ""red"",\n      []\n    ],\n    [\n      ""esp:GND"",\n      ""serial-monitor:GND"",\n      ""black"",\n      []\n    ],\n    [\n      ""esp:3V3"",\n      ""serial-monitor:VCC"",\n      ""green"",\n      []\n    ]\n  ]\n}"
"Create a circuit consisting of an ESP32 development board connected to an RGB LED, three 1kΩ resistors, an SSD1306 OLED display, and a buzzer. The ESP32 board should have a serial monitor connection. The RGB LED should have its red, green, and blue pins connected to the ESP32's digital pins D27, D26, and D25 respectively, through the 1kΩ resistors. The common pin of the RGB LED should be connected to the ESP32's ground pin. The OLED display should be connected to the ESP32's 3V3 pin for power, ground pin for ground, and digital pins D21 and D22 for SDA and SCL respectively. The buzzer should be connected to the ESP32's digital pin D13 and ground pin. The circuit should also include a text label with the specified text. The connections should be made with wires of various colors, including red, green, blue, black, purple, and magenta.","{\n  ""version"": 1,\n  ""author"": ""Shakib"",\n  ""parts"": [\n    {\n      ""type"": ""esp32-devkit-v1"",\n      ""id"": ""esp"",\n      ""top"": 50,\n      ""left"": 100,\n      ""attrs"": {}\n    },\n    {\n      ""type"": ""led"",\n      ""id"": ""rgb-red"",\n      ""top"": 150,\n      ""left"": 300,\n      ""attrs"": {\n        ""value"": ""Red""\n      }\n    },\n    {\n      ""type"": ""resistor"",\n      ""id"": ""r1"",\n      ""top"": 120,\n      ""left"": 250,\n      ""attrs"": {\n        ""value"": ""1kΩ""\n      }\n    },\n    {\n      ""type"": ""led"",\n      ""id"": ""rgb-green"",\n      ""top"": 150,\n      ""left"": 350,\n      ""attrs"": {\n        ""value"": ""Green""\n      }\n    },\n    {\n      ""type"": ""resistor"",\n      ""id"": ""r2"",\n      ""top"": 120,\n      ""left"": 300,\n      ""attrs"": {\n        ""value"": ""1kΩ""\n      }\n    },\n    {\n      ""type"": ""led"",\n      ""id"": ""rgb-blue"",\n      ""top"": 150,\n      ""left"": 400,\n      ""attrs"": {\n        ""value"": ""Blue""\n      }\n    },\n    {\n      ""type"": ""resistor"",\n      ""id"": ""r3"",\n      ""top"": 120,\n      ""left"": 350,\n      ""attrs"": {\n        ""value"": ""1kΩ""\n      }\n    },\n    {\n      ""type"": ""lcd-i2c"",\n      ""id"": ""oled"",\n      ""top"": 250,\n      ""left"": 100,\n      ""attrs"": {}\n    },\n    {\n      ""type"": ""buzzer"",\n      ""id"": ""buzzer"",\n      ""top"": 200,\n      ""left"": 500,\n      ""attrs"": {}\n    }\n  ],\n  ""connections"": [\n    [\n      ""r1:1"",\n      ""esp:D27"",\n      ""red"",\n      []\n    ],\n    [\n      ""r1:2"",\n      ""rgb-red:-"",\n      ""green"",\n      []\n    ],\n    [\n      ""r2:1"",\n      ""esp:D26"",\n      ""blue"",\n      []\n    ],\n    [\n      ""r2:2"",\n      ""rgb-green:-"",\n      ""purple"",\n      []\n    ],\n    [\n      ""r3:1"",\n      ""esp:D25"",\n      ""magenta"",\n      []\n    ],\n    [\n      ""r3:2"",\n      ""rgb-blue:-"",\n      ""black"",\n      []\n    ],\n    [\n      ""rgb-red:+"",\n      ""rgb-green:+"",\n      ""black"",\n      []\n    ],\n    [\n      ""rgb-green:+"",\n      ""rgb-blue:+"",\n      ""black"",\n      []\n    ],\n    [\n      ""rgb-blue:+"",\n      ""esp:GND"",\n      ""black"",\n      []\n    ],\n    [\n      ""oled:VCC"",\n      ""esp:3V3"",\n      ""red"",\n      []\n    ],\n    [\n      ""oled:GND"",\n      ""esp:GND"",\n      ""black"",\n      []\n    ],\n    [\n      ""oled:SDA"",\n      ""esp:D21"",\n      ""green"",\n      []\n    ],\n    [\n      ""oled:SCL"",\n      ""esp:D22"",\n      ""blue"",\n      []\n    ],\n    [\n      ""buzzer:VCC"",\n      ""esp:D13"",\n      ""purple"",\n      []\n    ],\n    [\n      ""buzzer:GND"",\n      ""esp:GND"",\n      ""black"",\n      []\n    ]\n  ]\n}"
"Create a circuit with an ESP32 development board as the main microcontroller, connected to two LCD 1602 displays. The ESP32 should have a serial monitor connection for debugging and communication. The first LCD display should be connected to the ESP32 via I2C, with the SDA pin connected to digital pin 21, SCL pin connected to digital pin 22, VCC pin connected to the 3.3V power pin, and GND pin connected to one of the ground pins. The second LCD display should be connected in a daisy-chain configuration to the first LCD display, sharing the same I2C bus and power connections. The circuit should be designed to allow the ESP32 to communicate with both LCD displays using the I2C protocol.","{\n  ""version"": 1,\n  ""author"": ""Shakib"",\n  ""parts"": [\n    {\n      ""type"": ""esp32-devkit-v1"",\n      ""id"": ""esp"",\n      ""top"": 100,\n      ""left"": 200,\n      ""attrs"": {}\n    },\n    {\n      ""type"": ""lcd-i2c"",\n      ""id"": ""lcd1"",\n      ""top"": 50,\n      ""left"": 400,\n      ""attrs"": {}\n    },\n    {\n      ""type"": ""lcd-i2c"",\n      ""id"": ""lcd2"",\n      ""top"": 250,\n      ""left"": 400,\n      ""attrs"": {}\n    }\n  ],\n  ""connections"": [\n    [\n      ""lcd1:GND"",\n      ""esp:GND"",\n      ""#008000"",\n      []\n    ],\n    [\n      ""lcd1:VCC"",\n      ""esp:3V3"",\n      ""#FF0000"",\n      []\n    ],\n    [\n      ""lcd1:SDA"",\n      ""esp:D21"",\n      ""#0000FF"",\n      []\n    ],\n    [\n      ""lcd1:SCL"",\n      ""esp:D22"",\n      ""#FFFF00"",\n      []\n    ],\n    [\n      ""lcd2:GND"",\n      ""lcd1:GND"",\n      ""#008000"",\n      []\n    ],\n    [\n      ""lcd2:VCC"",\n      ""lcd1:VCC"",\n      ""#FF0000"",\n      []\n    ],\n    [\n      ""lcd2:SDA"",\n      ""lcd1:SDA"",\n      ""#0000FF"",\n      []\n    ],\n    [\n      ""lcd2:SCL"",\n      ""lcd1:SCL"",\n      ""#FFFF00"",\n      []\n    ]\n  ]\n}"
"Create a circuit with an Arduino Uno microcontroller connected to an HC-SR04 ultrasonic sensor, which is powered by the 5V output of the Arduino. The TRIG pin of the ultrasonic sensor is connected to digital pin 9 of the Arduino, and the ECHO pin is connected to digital pin 10. The ultrasonic sensor's GND pin is connected to one of the Arduino's GND pins. Additionally, connect three red LEDs to the Arduino: one LED's anode is connected to digital pin 4 and its cathode is connected to GND, another LED's anode is connected to digital pin 3 and its cathode is connected to GND, and the last LED's anode is connected to digital pin 2 and its cathode is connected to GND. Ensure all connections are made with the appropriate colored wires.","{\n  ""version"": 1,\n  ""author"": ""Shakib"",\n  ""parts"": [\n    {\n      ""type"": ""arduino-uno"",\n      ""id"": ""arduino"",\n      ""top"": 100,\n      ""left"": 200,\n      ""attrs"": {}\n    },\n    {\n      ""type"": ""hc-sr04"",\n      ""id"": ""hc-sr04"",\n      ""top"": 100,\n      ""left"": 500,\n      ""attrs"": {}\n    },\n    {\n      ""type"": ""led"",\n      ""id"": ""led1"",\n      ""top"": 250,\n      ""left"": 220,\n      ""attrs"": {}\n    },\n    {\n      ""type"": ""led"",\n      ""id"": ""led2"",\n      ""top"": 250,\n      ""left"": 280,\n      ""attrs"": {}\n    },\n    {\n      ""type"": ""led"",\n      ""id"": ""led3"",\n      ""top"": 250,\n      ""left"": 340,\n      ""attrs"": {}\n    }\n  ],\n  ""connections"": [\n    [\n      ""hc-sr04:VCC"",\n      ""arduino:5V"",\n      ""red"",\n      []\n    ],\n    [\n      ""hc-sr04:GND"",\n      ""arduino:GND"",\n      ""black"",\n      []\n    ],\n    [\n      ""hc-sr04:TRIG"",\n      ""arduino:D9"",\n      ""blue"",\n      []\n    ],\n    [\n      ""hc-sr04:ECHO"",\n      ""arduino:D10"",\n      ""green"",\n      []\n    ],\n    [\n      ""led1:+"",\n      ""arduino:D4"",\n      ""yellow"",\n      []\n    ],\n    [\n      ""led1:-"",\n      ""arduino:GND"",\n      ""gray"",\n      []\n    ],\n    [\n      ""led2:+"",\n      ""arduino:D3"",\n      ""orange"",\n      []\n    ],\n    [\n      ""led2:-"",\n      ""arduino:GND"",\n      ""purple"",\n      []\n    ],\n    [\n      ""led3:+"",\n      ""arduino:D2"",\n      ""pink"",\n      []\n    ],\n    [\n      ""led3:-"",\n      ""arduino:GND"",\n      ""brown"",\n      []\n    ]\n  ]\n}"
"Create a circuit with an ESP32 development board connected to an ultrasonic sensor, four red LEDs, a relay module, and an LCD display. The ultrasonic sensor should be powered by a VCC connection and have its trigger and echo pins connected to digital pins 26 and 25 of the ESP32, respectively. The four LEDs should be connected to digital pins 18, 19, 21, and a resistor, with the other end of each resistor connected to the VCC. The relay module should be connected to one of the LEDs and to a digital pin on the ESP32, and its VCC and GND pins should be connected to the VCC and GND of the circuit. The LCD display should be connected to the ESP32 using the I2C protocol, with its VCC and GND pins connected to the VIN and GND of the ESP32, and its SDA and SCL pins connected to digital pins 21 and 22 of the ESP32. The circuit should also include multiple VCC and GND connections to power the various components.","{\n  ""version"": 1,\n  ""author"": ""Shakib"",\n  ""parts"": [\n    {\n      ""type"": ""esp32-devkit-v1"",\n      ""id"": ""esp"",\n      ""top"": 50,\n      ""left"": 100,\n      ""attrs"": {}\n    },\n    {\n      ""type"": ""hc-sr04"",\n      ""id"": ""ultrasonic"",\n      ""top"": 150,\n      ""left"": 50,\n      ""attrs"": {}\n    },\n    {\n      ""type"": ""led"",\n      ""id"": ""led1"",\n      ""top"": 250,\n      ""left"": 100,\n      ""attrs"": {}\n    },\n    {\n      ""type"": ""led"",\n      ""id"": ""led2"",\n      ""top"": 250,\n      ""left"": 150,\n      ""attrs"": {}\n    },\n    {\n      ""type"": ""led"",\n      ""id"": ""led3"",\n      ""top"": 250,\n      ""left"": 200,\n      ""attrs"": {}\n    },\n    {\n      ""type"": ""led"",\n      ""id"": ""led4"",\n      ""top"": 250,\n      ""left"": 250,\n      ""attrs"": {}\n    },\n    {\n      ""type"": ""resistor"",\n      ""id"": ""resistor1"",\n      ""top"": 220,\n      ""left"": 100,\n      ""attrs"": {}\n    },\n    {\n      ""type"": ""resistor"",\n      ""id"": ""resistor2"",\n      ""top"": 220,\n      ""left"": 150,\n      ""attrs"": {}\n    },\n    {\n      ""type"": ""resistor"",\n      ""id"": ""resistor3"",\n      ""top"": 220,\n      ""left"": 200,\n      ""attrs"": {}\n    },\n    {\n      ""type"": ""resistor"",\n      ""id"": ""resistor4"",\n      ""top"": 220,\n      ""left"": 250,\n      ""attrs"": {}\n    },\n    {\n      ""type"": ""l298n"",\n      ""id"": ""relay"",\n      ""top"": 300,\n      ""left"": 150,\n      ""attrs"": {}\n    },\n    {\n      ""type"": ""lcd-i2c"",\n      ""id"": ""lcd"",\n      ""top"": 50,\n      ""left"": 300,\n      ""attrs"": {}\n    }\n  ],\n  ""connections"": [\n    [\n      ""ultrasonic:VCC"",\n      ""esp:3V3"",\n      ""blue"",\n      []\n    ],\n    [\n      ""ultrasonic:GND"",\n      ""esp:GND"",\n      ""black"",\n      []\n    ],\n    [\n      ""ultrasonic:TRIG"",\n      ""esp:D26"",\n      ""green"",\n      []\n    ],\n    [\n      ""ultrasonic:ECHO"",\n      ""esp:D25"",\n      ""yellow"",\n      []\n    ],\n    [\n      ""led1:+"",\n      ""resistor1:1"",\n      ""red"",\n      []\n    ],\n    [\n      ""resistor1:2"",\n      ""esp:3V3"",\n      ""orange"",\n      []\n    ],\n    [\n      ""led1:-"",\n      ""esp:GND"",\n      ""brown"",\n      []\n    ],\n    [\n      ""led2:+"",\n      ""resistor2:1"",\n      ""red"",\n      []\n    ],\n    [\n      ""resistor2:2"",\n      ""esp:3V3"",\n      ""orange"",\n      []\n    ],\n    [\n      ""led2:-"",\n      ""esp:GND"",\n      ""brown"",\n      []\n    ],\n    [\n      ""led3:+"",\n      ""resistor3:1"",\n      ""red"",\n      []\n    ],\n    [\n      ""resistor3:2"",\n      ""esp:3V3"",\n      ""orange"",\n      []\n    ],\n    [\n      ""led3:-"",\n      ""esp:GND"",\n      ""brown"",\n      []\n    ],\n    [\n      ""led4:+"",\n      ""resistor4:1"",\n      ""red"",\n      []\n    ],\n    [\n      ""resistor4:2"",\n      ""esp:3V3"",\n      ""orange"",\n      []\n    ],\n    [\n      ""led4:-"",\n      ""esp:GND"",\n      ""brown"",\n      []\n    ],\n    [\n      ""relay:OUT1"",\n      ""led1:+"",\n      ""purple"",\n      []\n    ],\n    [\n      ""relay:IN1"",\n      ""esp:D18"",\n      ""pink"",\n      []\n    ],\n    [\n      ""relay:VCC"",\n      ""esp:3V3"",\n      ""blue"",\n      []\n    ],\n    [\n      ""relay:GND"",\n      ""esp:GND"",\n      ""black"",\n      []\n    ],\n    [\n      ""lcd:VCC"",\n      ""esp:3V3"",\n      ""blue"",\n      []\n    ],\n    [\n      ""lcd:GND"",\n      ""esp:GND"",\n      ""black"",\n      []\n    ],\n    [\n      ""lcd:SDA"",\n      ""esp:D21"",\n      ""green"",\n      []\n    ],\n    [\n      ""lcd:SCL"",\n      ""esp:D22"",\n      ""yellow"",\n      []\n    ]\n  ]\n}"
"Create a circuit with an ESP32 DevKit C V4 microcontroller board connected to an SSD1306 OLED display. The ESP32 board should be linked to a serial monitor for communication. The OLED display should be connected to the ESP32 board with the following connections: VCC to 3V3, GND to GND, SCL to pin 32, and SDA to pin 33. The serial monitor should be connected to the ESP32 board's TX and RX pins. The OLED display should have an I2C address of 0x3c.","{\n  ""version"": 1,\n  ""author"": ""Shakib"",\n  ""parts"": [\n    {\n      ""type"": ""esp32-devkit-v1"",\n      ""id"": ""esp32"",\n      ""top"": 100,\n      ""left"": 200,\n      ""attrs"": {}\n    },\n    {\n      ""type"": ""lcd-i2c"",\n      ""id"": ""oled"",\n      ""top"": 100,\n      ""left"": 400,\n      ""attrs"": {\n        ""value"": ""0x3c""\n      }\n    },\n    {\n      ""type"": ""hc05"",\n      ""id"": ""serial-monitor"",\n      ""top"": 250,\n      ""left"": 200,\n      ""attrs"": {}\n    }\n  ],\n  ""connections"": [\n    [\n      ""oled:VCC"",\n      ""esp32:3V3"",\n      ""#008000"",\n      []\n    ],\n    [\n      ""oled:GND"",\n      ""esp32:GND"",\n      ""#000000"",\n      []\n    ],\n    [\n      ""oled:SCL"",\n      ""esp32:D32"",\n      ""#6495ED"",\n      []\n    ],\n    [\n      ""oled:SDA"",\n      ""esp32:D33"",\n      ""#DC143C"",\n      []\n    ],\n    [\n      ""serial-monitor:RX"",\n      ""esp32:TX0"",\n      ""#FFA500"",\n      []\n    ],\n    [\n      ""serial-monitor:TX"",\n      ""esp32:RX0"",\n      ""#4B0082"",\n      []\n    ]\n  ]\n}"
"Create a circuit that includes an Arduino Uno microcontroller, connected to an NTC temperature sensor and an LCD 1602 display. The Arduino Uno should provide 5V power to the LCD display and the NTC temperature sensor. The NTC temperature sensor should be connected to one of the Arduino's analog input pins, specifically A0, and also connected to ground. The LCD display should be connected to the Arduino's digital pins 2, 3, 4, and 5, which correspond to the display's data pins D7, D6, D5, and D4 respectively. Additionally, the LCD display's RS and E pins should be connected to the Arduino's digital pins 12 and 11 respectively. The LCD display should also be connected to ground. The circuit should be able to read temperature data from the NTC sensor and display it on the LCD display.","{\n  ""version"": 1,\n  ""author"": ""Shakib"",\n  ""parts"": [\n    {\n      ""type"": ""arduino-uno"",\n      ""id"": ""arduino"",\n      ""top"": 100,\n      ""left"": 250,\n      ""attrs"": {}\n    },\n    {\n      ""type"": ""resistor"",\n      ""id"": ""r1"",\n      ""top"": 50,\n      ""left"": 400,\n      ""attrs"": {\n        ""value"": ""4k7""\n      }\n    },\n    {\n      ""type"": ""resistor"",\n      ""id"": ""r2"",\n      ""top"": 150,\n      ""left"": 400,\n      ""attrs"": {\n        ""value"": ""4k7""\n      }\n    },\n    {\n      ""type"": ""lcd-i2c"",\n      ""id"": ""lcd"",\n      ""top"": 250,\n      ""left"": 350,\n      ""attrs"": {}\n    }\n  ],\n  ""connections"": [\n    [\n      ""arduino:5V"",\n      ""lcd:VCC"",\n      ""#FF0000"",\n      []\n    ],\n    [\n      ""arduino:GND"",\n      ""lcd:GND"",\n      ""#000000"",\n      []\n    ],\n    [\n      ""arduino:D12"",\n      ""lcd:SCL"",\n      ""#00FF00"",\n      []\n    ],\n    [\n      ""arduino:D11"",\n      ""lcd:SDA"",\n      ""#0000FF"",\n      []\n    ],\n    [\n      ""arduino:D2"",\n      ""lcd:D7"",\n      ""#FFFF00"",\n      []\n    ],\n    [\n      ""arduino:D3"",\n      ""lcd:D6"",\n      ""#FF00FF"",\n      []\n    ],\n    [\n      ""arduino:D4"",\n      ""lcd:D5"",\n      ""#00FFFF"",\n      []\n    ],\n    [\n      ""arduino:D5"",\n      ""lcd:D4"",\n      ""#FF8000"",\n      []\n    ],\n    [\n      ""arduino:A0"",\n      ""r1:1"",\n      ""#800000"",\n      []\n    ],\n    [\n      ""r1:2"",\n      ""r2:1"",\n      ""#008000"",\n      []\n    ],\n    [\n      ""r2:2"",\n      ""arduino:GND"",\n      ""#000080"",\n      []\n    ],\n    [\n      ""r1:1"",\n      ""r2:2"",\n      ""#800080"",\n      []\n    ]\n  ]\n}"
"Create an electronic circuit consisting of an Arduino Mega microcontroller connected to a breadboard. The circuit should include a buzzer and twelve pushbuttons, with each pushbutton connected to the breadboard and the Arduino board. The pushbuttons should be arranged in a 3x4 grid with two additional buttons placed below the grid. The circuit should also include a slide potentiometer connected to the Arduino's analog input pin A0. The Arduino board should be connected to the breadboard using various digital and analog pins. The circuit should be powered by the Arduino's 5V output, and the ground connections should be made to the Arduino's GND pins. The buzzer should be connected to the breadboard and should produce a sound when the circuit is active. The pushbuttons should be connected to the Arduino's digital pins and should be used to control the circuit's functionality. The slide potentiometer should be used to control an analog signal that is read by the Arduino. The circuit should be designed to allow for the creation of a custom user interface using the pushbuttons and the slide potentiometer.","{\n  ""version"": 1,\n  ""author"": ""Shakib"",\n  ""parts"": [\n    {\n      ""type"": ""arduino-uno"",\n      ""id"": ""arduino"",\n      ""top"": 50,\n      ""left"": 50,\n      ""attrs"": {}\n    },\n    {\n      ""type"": ""buzzer"",\n      ""id"": ""buzzer"",\n      ""top"": 300,\n      ""left"": 400,\n      ""attrs"": {}\n    },\n    {\n      ""type"": ""push-button"",\n      ""id"": ""button1"",\n      ""top"": 150,\n      ""left"": 200,\n      ""attrs"": {}\n    },\n    {\n      ""type"": ""push-button"",\n      ""id"": ""button2"",\n      ""top"": 150,\n      ""left"": 250,\n      ""attrs"": {}\n    },\n    {\n      ""type"": ""push-button"",\n      ""id"": ""button3"",\n      ""top"": 150,\n      ""left"": 300,\n      ""attrs"": {}\n    },\n    {\n      ""type"": ""push-button"",\n      ""id"": ""button4"",\n      ""top"": 150,\n      ""left"": 350,\n      ""attrs"": {}\n    },\n    {\n      ""type"": ""push-button"",\n      ""id"": ""button5"",\n      ""top"": 200,\n      ""left"": 200,\n      ""attrs"": {}\n    },\n    {\n      ""type"": ""push-button"",\n      ""id"": ""button6"",\n      ""top"": 200,\n      ""left"": 250,\n      ""attrs"": {}\n    },\n    {\n      ""type"": ""push-button"",\n      ""id"": ""button7"",\n      ""top"": 200,\n      ""left"": 300,\n      ""attrs"": {}\n    },\n    {\n      ""type"": ""push-button"",\n      ""id"": ""button8"",\n      ""top"": 200,\n      ""left"": 350,\n      ""attrs"": {}\n    },\n    {\n      ""type"": ""push-button"",\n      ""id"": ""button9"",\n      ""top"": 250,\n      ""left"": 200,\n      ""attrs"": {}\n    },\n    {\n      ""type"": ""push-button"",\n      ""id"": ""button10"",\n      ""top"": 250,\n      ""left"": 250,\n      ""attrs"": {}\n    },\n    {\n      ""type"": ""push-button"",\n      ""id"": ""button11"",\n      ""top"": 250,\n      ""left"": 300,\n      ""attrs"": {}\n    },\n    {\n      ""type"": ""push-button"",\n      ""id"": ""button12"",\n      ""top"": 250,\n      ""left"": 350,\n      ""attrs"": {}\n    },\n    {\n      ""type"": ""push-button"",\n      ""id"": ""button13"",\n      ""top"": 300,\n      ""left"": 200,\n      ""attrs"": {}\n    },\n    {\n      ""type"": ""push-button"",\n      ""id"": ""button14"",\n      ""top"": 300,\n      ""left"": 300,\n      ""attrs"": {}\n    },\n    {\n      ""type"": ""analog-joystick"",\n      ""id"": ""potentiometer"",\n      ""top"": 100,\n      ""left"": 500,\n      ""attrs"": {}\n    }\n  ],\n  ""connections"": [\n    [\n      ""buzzer:VCC"",\n      ""arduino:5V"",\n      ""red"",\n      []\n    ],\n    [\n      ""buzzer:GND"",\n      ""arduino:GND"",\n      ""black"",\n      []\n    ],\n    [\n      ""button1:1"",\n      ""arduino:D2"",\n      ""blue"",\n      []\n    ],\n    [\n      ""button1:2"",\n      ""arduino:GND"",\n      ""green"",\n      []\n    ],\n    [\n      ""button2:1"",\n      ""arduino:D3"",\n      ""yellow"",\n      []\n    ],\n    [\n      ""button2:2"",\n      ""arduino:GND"",\n      ""orange"",\n      []\n    ],\n    [\n      ""button3:1"",\n      ""arduino:D4"",\n      ""purple"",\n      []\n    ],\n    [\n      ""button3:2"",\n      ""arduino:GND"",\n      ""pink"",\n      []\n    ],\n    [\n      ""button4:1"",\n      ""arduino:D5"",\n      ""brown"",\n      []\n    ],\n    [\n      ""button4:2"",\n      ""arduino:GND"",\n      ""grey"",\n      []\n    ],\n    [\n      ""button5:1"",\n      ""arduino:D6"",\n      ""turquoise"",\n      []\n    ],\n    [\n      ""button5:2"",\n      ""arduino:GND"",\n      ""silver"",\n      []\n    ],\n    [\n      ""button6:1"",\n      ""arduino:D7"",\n      ""violet"",\n      []\n    ],\n    [\n      ""button6:2"",\n      ""arduino:GND"",\n      ""cyan"",\n      []\n    ],\n    [\n      ""button7:1"",\n      ""arduino:D8"",\n      ""magenta"",\n      []\n    ],\n    [\n      ""button7:2"",\n      ""arduino:GND"",\n      ""teal"",\n      []\n    ],\n    [\n      ""button8:1"",\n      ""arduino:D9"",\n      ""coral"",\n      []\n    ],\n    [\n      ""button8:2"",\n      ""arduino:GND"",\n      ""navy"",\n      []\n    ],\n    [\n      ""button9:1"",\n      ""arduino:D10"",\n      ""lime"",\n      []\n    ],\n    [\n      ""button9:2"",\n      ""arduino:GND"",\n      ""crimson"",\n      []\n    ],\n    [\n      ""button10:1"",\n      ""arduino:D11"",\n      ""olive"",\n      []\n    ],\n    [\n      ""button10:2"",\n      ""arduino:GND"",\n      ""fuchsia"",\n      []\n    ],\n    [\n      ""button11:1"",\n      ""arduino:D12"",\n      ""peach"",\n      []\n    ],\n    [\n      ""button11:2"",\n      ""arduino:GND"",\n      ""tan"",\n      []\n    ],\n    [\n      ""button12:1"",\n      ""arduino:D13"",\n      ""salmon"",\n      []\n    ],\n    [\n      ""button12:2"",\n      ""arduino:GND"",\n      ""charcoal"",\n      []\n    ],\n    [\n      ""button13:1"",\n      ""arduino:A0"",\n      ""gold"",\n      []\n    ],\n    [\n      ""button13:2"",\n      ""arduino:GND"",\n      ""copper"",\n      []\n    ],\n    [\n      ""button14:1"",\n      ""arduino:A1"",\n      ""bronze"",\n      []\n    ],\n    [\n      ""button14:2"",\n      ""arduino:GND"",\n      ""brass"",\n      []\n    ],\n    [\n      ""potentiometer:VCC"",\n      ""arduino:5V"",\n      ""red"",\n      []\n    ],\n    [\n      ""potentiometer:GND"",\n      ""arduino:GND"",\n      ""black"",\n      []\n    ],\n    [\n      ""potentiometer:VERT"",\n      ""arduino:A0"",\n      ""blue"",\n      []\n    ]\n  ]\n}"
"Create a circuit with an ESP32 DevKitC V4 microcontroller board connected to an MPU6050 inertial measurement unit. The ESP32 board should have a flash size of 16MB. Connect the 3V3 pin of the ESP32 to the VCC pin of the MPU6050 using a red wire, and the GND pin of the ESP32 to the GND pin of the MPU6050 using a black wire. Additionally, connect the SDA pin of the MPU6050 to pin 21 of the ESP32 using a blue wire, and the SCL pin of the MPU6050 to pin 22 of the ESP32 using a green wire. The ESP32 should also be connected to a serial monitor, with the TX pin of the ESP32 connected to the RX pin of the serial monitor, and the RX pin of the ESP32 connected to the TX pin of the serial monitor. The serial monitor should be displayed as a terminal and should convert end-of-line characters.","{\n  ""version"": 1,\n  ""author"": ""Shakib"",\n  ""parts"": [\n    {\n      ""type"": ""esp32-devkit-v1"",\n      ""id"": ""esp"",\n      ""top"": 100,\n      ""left"": 200,\n      ""attrs"": {\n        ""value"": ""16MB""\n      }\n    },\n    {\n      ""type"": ""mpu6050"",\n      ""id"": ""mpu"",\n      ""top"": 100,\n      ""left"": 400,\n      ""attrs"": {}\n    },\n    {\n      ""type"": ""hc05"",\n      ""id"": ""serial-monitor"",\n      ""top"": 250,\n      ""left"": 200,\n      ""attrs"": {}\n    }\n  ],\n  ""connections"": [\n    [\n      ""esp:3V3"",\n      ""mpu:VCC"",\n      ""red"",\n      []\n    ],\n    [\n      ""esp:GND"",\n      ""mpu:GND"",\n      ""black"",\n      []\n    ],\n    [\n      ""mpu:SDA"",\n      ""esp:D21"",\n      ""blue"",\n      []\n    ],\n    [\n      ""mpu:SCL"",\n      ""esp:D22"",\n      ""green"",\n      []\n    ],\n    [\n      ""esp:TX0"",\n      ""serial-monitor:RX"",\n      ""purple"",\n      []\n    ],\n    [\n      ""esp:RX0"",\n      ""serial-monitor:TX"",\n      ""orange"",\n      []\n    ]\n  ]\n}"
"Create a circuit consisting of an ESP32 DevKit C V4 microcontroller connected to three A4988 stepper motor drivers, which in turn control three stepper motors. The ESP32 is also connected to two L293D motor drivers, a servo motor for a gripper, and several pushbuttons for limiting and calibration purposes. Additionally, the circuit includes a potentiometer, an LED, and a resistor. The ESP32 is connected to a serial monitor for communication. The stepper motors are labeled as StepperX, StepperY, and StepperZ, and the pushbuttons are used for limit detection and emergency stop. The servo motor is connected to the ESP32's PWM output, and the LED is connected to one of the ESP32's digital outputs through a resistor. The potentiometer is connected to the ESP32's analog input and is used to control the servo motor or other components. The circuit also includes several text labels to identify the different components and their connections.","{\n  ""version"": 1,\n  ""author"": ""Shakib"",\n  ""parts"": [\n    {\n      ""type"": ""esp32-devkit-v1"",\n      ""id"": ""esp"",\n      ""top"": 50,\n      ""left"": 200,\n      ""attrs"": {}\n    },\n    {\n      ""type"": ""l298n"",\n      ""id"": ""l293d1"",\n      ""top"": 250,\n      ""left"": 100,\n      ""attrs"": {}\n    },\n    {\n      ""type"": ""l298n"",\n      ""id"": ""l293d2"",\n      ""top"": 250,\n      ""left"": 350,\n      ""attrs"": {}\n    },\n    {\n      ""type"": ""stepper-motor"",\n      ""id"": ""stepperX"",\n      ""top"": 400,\n      ""left"": 50,\n      ""attrs"": {}\n    },\n    {\n      ""type"": ""stepper-motor"",\n      ""id"": ""stepperY"",\n      ""top"": 400,\n      ""left"": 250,\n      ""attrs"": {}\n    },\n    {\n      ""type"": ""stepper-motor"",\n      ""id"": ""stepperZ"",\n      ""top"": 400,\n      ""left"": 450,\n      ""attrs"": {}\n    },\n    {\n      ""type"": ""servo"",\n      ""id"": ""servo"",\n      ""top"": 300,\n      ""left"": 550,\n      ""attrs"": {}\n    },\n    {\n      ""type"": ""push-button"",\n      ""id"": ""limitX"",\n      ""top"": 450,\n      ""left"": 50,\n      ""attrs"": {}\n    },\n    {\n      ""type"": ""push-button"",\n      ""id"": ""limitY"",\n      ""top"": 450,\n      ""left"": 250,\n      ""attrs"": {}\n    },\n    {\n      ""type"": ""push-button"",\n      ""id"": ""limitZ"",\n      ""top"": 450,\n      ""left"": 450,\n      ""attrs"": {}\n    },\n    {\n      ""type"": ""push-button"",\n      ""id"": ""emergencyStop"",\n      ""top"": 500,\n      ""left"": 250,\n      ""attrs"": {}\n    },\n    {\n      ""type"": ""resistor"",\n      ""id"": ""r1"",\n      ""top"": 200,\n      ""left"": 500,\n      ""attrs"": {}\n    },\n    {\n      ""type"": ""led"",\n      ""id"": ""led"",\n      ""top"": 200,\n      ""left"": 550,\n      ""attrs"": {}\n    },\n    {\n      ""type"": ""micro-sd-card"",\n      ""id"": ""pot"",\n      ""top"": 150,\n      ""left"": 500,\n      ""attrs"": {}\n    }\n  ],\n  ""connections"": [\n    [\n      ""esp:D21"",\n      ""l293d1:ENA"",\n      ""red"",\n      []\n    ],\n    [\n      ""esp:D19"",\n      ""l293d1:IN1"",\n      ""orange"",\n      []\n    ],\n    [\n      ""esp:D18"",\n      ""l293d1:IN2"",\n      ""yellow"",\n      []\n    ],\n    [\n      ""esp:D17"",\n      ""l293d1:IN3"",\n      ""green"",\n      []\n    ],\n    [\n      ""esp:D16"",\n      ""l293d1:IN4"",\n      ""blue"",\n      []\n    ],\n    [\n      ""esp:D15"",\n      ""l293d2:ENA"",\n      ""indigo"",\n      []\n    ],\n    [\n      ""esp:D14"",\n      ""l293d2:IN1"",\n      ""violet"",\n      []\n    ],\n    [\n      ""esp:D13"",\n      ""l293d2:IN2"",\n      ""pink"",\n      []\n    ],\n    [\n      ""esp:D12"",\n      ""l293d2:IN3"",\n      ""brown"",\n      []\n    ],\n    [\n      ""esp:D11"",\n      ""l293d2:IN4"",\n      ""grey"",\n      []\n    ],\n    [\n      ""l293d1:OUT1"",\n      ""stepperX:1"",\n      ""black"",\n      []\n    ],\n    [\n      ""l293d1:OUT2"",\n      ""stepperX:2"",\n      ""black"",\n      []\n    ],\n    [\n      ""l293d1:OUT3"",\n      ""stepperX:3"",\n      ""black"",\n      []\n    ],\n    [\n      ""l293d1:OUT4"",\n      ""stepperX:4"",\n      ""black"",\n      []\n    ],\n    [\n      ""l293d2:OUT1"",\n      ""stepperY:1"",\n      ""black"",\n      []\n    ],\n    [\n      ""l293d2:OUT2"",\n      ""stepperY:2"",\n      ""black"",\n      []\n    ],\n    [\n      ""l293d2:OUT3"",\n      ""stepperY:3"",\n      ""black"",\n      []\n    ],\n    [\n      ""l293d2:OUT4"",\n      ""stepperY:4"",\n      ""black"",\n      []\n    ],\n    [\n      ""esp:D10"",\n      ""servo:GND"",\n      ""green"",\n      []\n    ],\n    [\n      ""esp:D9"",\n      ""servo:VCC"",\n      ""red"",\n      []\n    ],\n    [\n      ""esp:D8"",\n      ""servo:DATA"",\n      ""blue"",\n      []\n    ],\n    [\n      ""limitX:1"",\n      ""esp:D7"",\n      ""yellow"",\n      []\n    ],\n    [\n      ""limitX:2"",\n      ""esp:GND"",\n      ""black"",\n      []\n    ],\n    [\n      ""limitY:1"",\n      ""esp:D6"",\n      ""yellow"",\n      []\n    ],\n    [\n      ""limitY:2"",\n      ""esp:GND"",\n      ""black"",\n      []\n    ],\n    [\n      ""limitZ:1"",\n      ""esp:D5"",\n      ""yellow"",\n      []\n    ],\n    [\n      ""limitZ:2"",\n      ""esp:GND"",\n      ""black"",\n      []\n    ],\n    [\n      ""emergencyStop:1"",\n      ""esp:D4"",\n      ""yellow"",\n      []\n    ],\n    [\n      ""emergencyStop:2"",\n      ""esp:GND"",\n      ""black"",\n      []\n    ],\n    [\n      ""r1:1"",\n      ""esp:D3"",\n      ""brown"",\n      []\n    ],\n    [\n      ""r1:2"",\n      ""led:-"",\n      ""black"",\n      []\n    ],\n    [\n      ""led:+"",\n      ""esp:D2"",\n      ""red"",\n      []\n    ],\n    [\n      ""pot:DI"",\n      ""esp:D1"",\n      ""green"",\n      []\n    ],\n    [\n      ""pot:VCC"",\n      ""esp:3V3"",\n      ""red"",\n      []\n    ],\n    [\n      ""pot:GND"",\n      ""esp:GND"",\n      ""black"",\n      []\n    ]\n  ]\n}"
"Create a circuit with an Arduino Uno microcontroller, a PIR motion sensor, an LCD 1602 display, and a red LED. The PIR motion sensor should be connected to the Arduino Uno's 5V and GND pins, as well as digital pin 2. The LCD 1602 display should be connected to the Arduino Uno's 5V, GND, SDA, and SCL pins. The red LED should be connected to a power source, but its exact connection is unclear. The circuit should be designed to display information on the LCD 1602 display when motion is detected by the PIR motion sensor, and the red LED should be controlled by the Arduino Uno. The circuit should also have the necessary power connections to the Arduino Uno and other components.","{\n  ""version"": 1,\n  ""author"": ""Shakib"",\n  ""parts"": [\n    {\n      ""type"": ""arduino-uno"",\n      ""id"": ""arduino"",\n      ""top"": 50,\n      ""left"": 200,\n      ""attrs"": {}\n    },\n    {\n      ""type"": ""flame-sensor"",\n      ""id"": ""pir"",\n      ""top"": 150,\n      ""left"": 50,\n      ""attrs"": {}\n    },\n    {\n      ""type"": ""lcd-i2c"",\n      ""id"": ""lcd"",\n      ""top"": 50,\n      ""left"": 500,\n      ""attrs"": {}\n    },\n    {\n      ""type"": ""led"",\n      ""id"": ""led"",\n      ""top"": 250,\n      ""left"": 200,\n      ""attrs"": {}\n    },\n    {\n      ""type"": ""battery-9v"",\n      ""id"": ""battery"",\n      ""top"": 300,\n      ""left"": 50,\n      ""attrs"": {}\n    }\n  ],\n  ""connections"": [\n    [\n      ""pir:+"",\n      ""arduino:5V"",\n      ""#FF0000"",\n      []\n    ],\n    [\n      ""pir:-"",\n      ""arduino:GND"",\n      ""#0000FF"",\n      []\n    ],\n    [\n      ""pir:D"",\n      ""arduino:D2"",\n      ""#00FF00"",\n      []\n    ],\n    [\n      ""lcd:VCC"",\n      ""arduino:5V"",\n      ""#FFFF00"",\n      []\n    ],\n    [\n      ""lcd:GND"",\n      ""arduino:GND"",\n      ""#FF00FF"",\n      []\n    ],\n    [\n      ""lcd:SDA"",\n      ""arduino:D11"",\n      ""#00FFFF"",\n      []\n    ],\n    [\n      ""lcd:SCL"",\n      ""arduino:D12"",\n      ""#FF8000"",\n      []\n    ],\n    [\n      ""led:+"",\n      ""arduino:D13"",\n      ""#8000FF"",\n      []\n    ],\n    [\n      ""led:-"",\n      ""arduino:GND"",\n      ""#008000"",\n      []\n    ],\n    [\n      ""battery:VCC"",\n      ""arduino:Vin"",\n      ""#800000"",\n      []\n    ],\n    [\n      ""battery:GND"",\n      ""arduino:GND"",\n      ""#000080"",\n      []\n    ]\n  ]\n}"
"Create a circuit with an ESP32 development board as the main microcontroller, connected to an ILI9341 LCD display screen, which is mounted at a 90-degree rotation. The LCD screen should be connected to the ESP32 board with the following connections: the LCD's GND pin connected to the ESP32's GND pin, the LCD's RST pin connected to the ESP32's pin 4, the LCD's D/C pin connected to the ESP32's pin 2, the LCD's SCK pin connected to the ESP32's pin 18, the LCD's MISO pin connected to the ESP32's pin 19, the LCD's MOSI pin connected to the ESP32's pin 23, the LCD's CS pin connected to the ESP32's pin 15, and the LCD's VCC pin connected to the ESP32's 5V pin. Additionally, include a green pushbutton labeled ""New joke"" connected to the ESP32 board, with one pin of the button connected to the ESP32's pin 5 and the other pin connected to the ESP32's GND pin. The circuit should also include connections for serial communication between the ESP32 board and a serial monitor.","{\n  ""version"": 1,\n  ""author"": ""Shakib"",\n  ""parts"": [\n    {\n      ""type"": ""esp32-devkit-v1"",\n      ""id"": ""esp"",\n      ""top"": 100,\n      ""left"": 150,\n      ""attrs"": {}\n    },\n    {\n      ""type"": ""lcd-i2c"",\n      ""id"": ""lcd"",\n      ""top"": 100,\n      ""left"": 400,\n      ""rotate"": 90,\n      ""attrs"": {}\n    },\n    {\n      ""type"": ""push-button"",\n      ""id"": ""button"",\n      ""top"": 250,\n      ""left"": 150,\n      ""attrs"": {\n        ""value"": ""New joke""\n      }\n    },\n    {\n      ""type"": ""hc05"",\n      ""id"": ""serial"",\n      ""top"": 50,\n      ""left"": 600,\n      ""attrs"": {}\n    }\n  ],\n  ""connections"": [\n    [\n      ""lcd:GND"",\n      ""esp:GND"",\n      ""black"",\n      []\n    ],\n    [\n      ""lcd:VCC"",\n      ""esp:3V3"",\n      ""red"",\n      []\n    ],\n    [\n      ""lcd:SDA"",\n      ""esp:D21"",\n      ""blue"",\n      []\n    ],\n    [\n      ""lcd:SCL"",\n      ""esp:D22"",\n      ""yellow"",\n      []\n    ],\n    [\n      ""button:1"",\n      ""esp:D5"",\n      ""green"",\n      []\n    ],\n    [\n      ""button:2"",\n      ""esp:GND"",\n      ""brown"",\n      []\n    ],\n    [\n      ""serial:TX"",\n      ""esp:TX0"",\n      ""orange"",\n      []\n    ],\n    [\n      ""serial:RX"",\n      ""esp:RX0"",\n      ""purple"",\n      []\n    ],\n    [\n      ""serial:GND"",\n      ""esp:GND"",\n      ""grey"",\n      []\n    ],\n    [\n      ""serial:VCC"",\n      ""esp:3V3"",\n      ""pink"",\n      []\n    ]\n  ]\n}"
"Create a circuit with an Arduino Mega microcontroller connected to an ILI9341 LCD display, an analog joystick, and a buzzer. The LCD display should be powered from the Arduino's 5V pin and have its CS, D/C, MOSI, MISO, SCK, LED, and RST pins connected to the Arduino's corresponding digital pins (6, 7, 11, 12, 13, 5V, and 10 respectively). The analog joystick should be connected to the Arduino's 5V pin, GND pin, and have its SEL, HORZ, and VERT pins connected to the Arduino's digital pin 2, analog pins A1 and A0 respectively. The buzzer should be connected to the Arduino's GND pin and digital pin 3, with its volume set to a low level. Ensure all connections are made with the corresponding colored wires as described.","{\n  ""version"": 1,\n  ""author"": ""Shakib"",\n  ""parts"": [\n    {\n      ""type"": ""arduino-mega"",\n      ""id"": ""arduino"",\n      ""top"": 50,\n      ""left"": 200,\n      ""attrs"": {}\n    },\n    {\n      ""type"": ""lcd-i2c"",\n      ""id"": ""lcd"",\n      ""top"": 120,\n      ""left"": 50,\n      ""attrs"": {}\n    },\n    {\n      ""type"": ""analog-joystick"",\n      ""id"": ""joystick"",\n      ""top"": 250,\n      ""left"": 200,\n      ""attrs"": {}\n    },\n    {\n      ""type"": ""buzzer"",\n      ""id"": ""buzzer"",\n      ""top"": 180,\n      ""left"": 400,\n      ""attrs"": {}\n    }\n  ],\n  ""connections"": [\n    [\n      ""lcd:VCC"",\n      ""arduino:5V"",\n      ""red"",\n      []\n    ],\n    [\n      ""lcd:GND"",\n      ""arduino:GND"",\n      ""black"",\n      []\n    ],\n    [\n      ""lcd:SDA"",\n      ""arduino:D20"",\n      ""blue"",\n      []\n    ],\n    [\n      ""lcd:SCL"",\n      ""arduino:D21"",\n      ""purple"",\n      []\n    ],\n    [\n      ""joystick:VCC"",\n      ""arduino:5V"",\n      ""orange"",\n      []\n    ],\n    [\n      ""joystick:GND"",\n      ""arduino:GND"",\n      ""brown"",\n      []\n    ],\n    [\n      ""joystick:SEL"",\n      ""arduino:D2"",\n      ""pink"",\n      []\n    ],\n    [\n      ""joystick:HORZ"",\n      ""arduino:A1"",\n      ""turquoise"",\n      []\n    ],\n    [\n      ""joystick:VERT"",\n      ""arduino:A0"",\n      ""silver"",\n      []\n    ],\n    [\n      ""buzzer:VCC"",\n      ""arduino:D3"",\n      ""green"",\n      []\n    ],\n    [\n      ""buzzer:GND"",\n      ""arduino:GND"",\n      ""gray"",\n      []\n    ]\n  ]\n}"
"Create a circuit that includes an ESP32 development board as the main microcontroller, connected to a serial monitor for debugging and communication. The circuit should also include an HC-SR04 ultrasonic sensor, which should be connected to the ESP32 board with the VCC pin linked to the 3V3 power output, the GND pin connected to one of the GND pins on the ESP32, the TRIG pin connected to digital pin D12, and the ECHO pin connected to digital pin D26. Additionally, a servo motor should be included in the circuit, with its V+ pin connected to the 3V3 power output on the ESP32, its GND pin connected to another GND pin on the ESP32, and its PWM pin connected to digital pin D19 on the ESP32.The circuit should also include a red LED, with its cathode connected to one of the GND pins on the ESP32 and its anode connected to digital pin D21 on the ESP32. The LED and other components should be positioned in a way that allows for clear connections and minimal wire crossing. The ultrasonic sensor should be configured for a distance of 232, and all components should be properly powered and grounded to ensure correct functioning. The servo motor should be able to receive PWM signals from the ESP32 to control its movement. The LED should be able to be controlled by the ESP32 through digital pin D21.","{\n  ""version"": 1,\n  ""author"": ""Shakib"",\n  ""parts"": [\n    {\n      ""type"": ""esp32-devkit-v1"",\n      ""id"": ""esp"",\n      ""top"": 100,\n      ""left"": 50,\n      ""attrs"": {}\n    },\n    {\n      ""type"": ""hc-sr04"",\n      ""id"": ""hc-sr04"",\n      ""top"": 250,\n      ""left"": 50,\n      ""attrs"": {}\n    },\n    {\n      ""type"": ""servo"",\n      ""id"": ""servo"",\n      ""top"": 150,\n      ""left"": 300,\n      ""attrs"": {}\n    },\n    {\n      ""type"": ""led"",\n      ""id"": ""led"",\n      ""top"": 200,\n      ""left"": 500,\n      ""attrs"": {}\n    }\n  ],\n  ""connections"": [\n    [\n      ""hc-sr04:VCC"",\n      ""esp:3V3"",\n      ""blue"",\n      []\n    ],\n    [\n      ""hc-sr04:GND"",\n      ""esp:GND"",\n      ""black"",\n      []\n    ],\n    [\n      ""hc-sr04:TRIG"",\n      ""esp:D12"",\n      ""orange"",\n      []\n    ],\n    [\n      ""hc-sr04:ECHO"",\n      ""esp:D26"",\n      ""purple"",\n      []\n    ],\n    [\n      ""servo:VCC"",\n      ""esp:3V3"",\n      ""green"",\n      []\n    ],\n    [\n      ""servo:GND"",\n      ""esp:GND"",\n      ""brown"",\n      []\n    ],\n    [\n      ""servo:DATA"",\n      ""esp:D19"",\n      ""pink"",\n      []\n    ],\n    [\n      ""led:+"",\n      ""esp:D21"",\n      ""red"",\n      []\n    ],\n    [\n      ""led:-"",\n      ""esp:GND"",\n      ""gray"",\n      []\n    ]\n  ]\n}"
"Create a circuit consisting of two breadboards, an ESP32 DevKitC v4 board, an LCD 1602 display, a buzzer, a yellow LED, a 1kΩ resistor, and a green pushbutton. The ESP32 board should be connected to the LCD display via I2C, with the SCL pin connected to the ESP32's pin 33, the SDA pin connected to the ESP32's pin 32, the VCC pin connected to the ESP32's 5V pin, and the GND pin connected to the breadboard. The buzzer should be connected to the breadboard, with one terminal connected to the breadboard's power rail and the other terminal connected to a free pin on the breadboard. The yellow LED should be connected to the breadboard in series with the 1kΩ resistor, with the other end of the resistor connected to the power rail. The green pushbutton should be connected to the ESP32's pin 16 and to the breadboard's power rail. The circuit should also include connections for serial communication between the ESP32 and a serial monitor. The buzzer should have a volume of 0.1.","{\n  ""version"": 1,\n  ""author"": ""Shakib"",\n  ""parts"": [\n    {\n      ""type"": ""esp32-devkit-v1"",\n      ""id"": ""esp"",\n      ""top"": 50,\n      ""left"": 200,\n      ""attrs"": {}\n    },\n    {\n      ""type"": ""lcd-i2c"",\n      ""id"": ""lcd"",\n      ""top"": 150,\n      ""left"": 250,\n      ""attrs"": {}\n    },\n    {\n      ""type"": ""buzzer"",\n      ""id"": ""buzzer"",\n      ""top"": 250,\n      ""left"": 300,\n      ""attrs"": {\n        ""value"": 0.1\n      }\n    },\n    {\n      ""type"": ""led"",\n      ""id"": ""led"",\n      ""top"": 200,\n      ""left"": 400,\n      ""attrs"": {\n        ""color"": ""yellow""\n      }\n    },\n    {\n      ""type"": ""resistor"",\n      ""id"": ""resistor"",\n      ""top"": 220,\n      ""left"": 350,\n      ""attrs"": {\n        ""value"": ""1kΩ""\n      }\n    },\n    {\n      ""type"": ""push-button"",\n      ""id"": ""button"",\n      ""top"": 300,\n      ""left"": 250,\n      ""attrs"": {\n        ""color"": ""green""\n      }\n    }\n  ],\n  ""connections"": [\n    [\n      ""lcd:GND"",\n      ""esp:GND"",\n      ""black"",\n      []\n    ],\n    [\n      ""lcd:VCC"",\n      ""esp:3V3"",\n      ""red"",\n      []\n    ],\n    [\n      ""lcd:SDA"",\n      ""esp:D32"",\n      ""blue"",\n      []\n    ],\n    [\n      ""lcd:SCL"",\n      ""esp:D33"",\n      ""purple"",\n      []\n    ],\n    [\n      ""buzzer:VCC"",\n      ""esp:3V3"",\n      ""orange"",\n      []\n    ],\n    [\n      ""buzzer:GND"",\n      ""esp:GND"",\n      ""brown"",\n      []\n    ],\n    [\n      ""led:+"",\n      ""resistor:2"",\n      ""pink"",\n      []\n    ],\n    [\n      ""resistor:1"",\n      ""esp:3V3"",\n      ""turquoise"",\n      []\n    ],\n    [\n      ""led:-"",\n      ""esp:GND"",\n      ""silver"",\n      []\n    ],\n    [\n      ""button:1"",\n      ""esp:D16"",\n      ""gray"",\n      []\n    ],\n    [\n      ""button:2"",\n      ""esp:3V3"",\n      ""green"",\n      []\n    ],\n    [\n      ""esp:TX0"",\n      ""esp:RX0"",\n      ""white"",\n      []\n    ]\n  ]\n}"
"Create a circuit with an ESP32 DevKit C V4 microcontroller connected to various sensors and components, including a DHT22 temperature and humidity sensor, an HC-SR04 ultrasonic sensor, a PIR motion sensor, an IR receiver, a buzzer, a red LED, and a pushbutton. The ESP32 should be connected to a mini breadboard, which is also connected to an SSD1306 OLED display and an LCD1602 display. The circuit should also include an IR remote control. The connections between the components should be as follows: the ESP32's TX and RX pins should be connected to a serial monitor, the DHT22's VCC pin should be connected to the ESP32's 3V3 pin, the ultrasonic sensor's VCC and GND pins should be connected to the breadboard, and its TRIG and ECHO pins should be connected to the ESP32's GPIO 12 and 13 pins, respectively. The PIR motion sensor's OUT pin should be connected to the ESP32's GPIO 26 pin, and its VCC and GND pins should be connected to the breadboard. The IR receiver's DAT pin should be connected to the ESP32's GPIO 27 pin, and its VCC and GND pins should be connected to the breadboard. The buzzer's pins should be connected to the breadboard and the ESP32's GPIO 25 pin, the LED's pins should be connected to the breadboard and the ESP32's GPIO 33 pin, and the pushbutton's pins should be connected to the breadboard and the ESP32's GPIO 32 pin. The LCD1602 display's SDA and SCL pins should be connected to the breadboard, which is connected to the ESP32's GPIO 21 and 22 pins, and the SSD1306 OLED display's SDA and SCL pins should be connected to the breadboard, which is connected to the ESP32's GPIO 21 and 22 pins. The IR remote control should be connected to the IR receiver. The circuit should be powered by the ESP32's 5V pin, which is connected to the breadboard.","{\n  ""version"": 1,\n  ""author"": ""Shakib"",\n  ""parts"": [\n    {\n      ""type"": ""esp32-devkit-v1"",\n      ""id"": ""esp"",\n      ""top"": 50,\n      ""left"": 100,\n      ""attrs"": {}\n    },\n    {\n      ""type"": ""dht22"",\n      ""id"": ""dht22"",\n      ""top"": 200,\n      ""left"": 300,\n      ""attrs"": {}\n    },\n    {\n      ""type"": ""hc-sr04"",\n      ""id"": ""hc-sr04"",\n      ""top"": 250,\n      ""left"": 300,\n      ""attrs"": {}\n    },\n    {\n      ""type"": ""gas-sensor"",\n      ""id"": ""pir"",\n      ""top"": 300,\n      ""left"": 300,\n      ""attrs"": {}\n    },\n    {\n      ""type"": ""ir-receiver"",\n      ""id"": ""ir-receiver"",\n      ""top"": 350,\n      ""left"": 300,\n      ""attrs"": {}\n    },\n    {\n      ""type"": ""buzzer"",\n      ""id"": ""buzzer"",\n      ""top"": 400,\n      ""left"": 300,\n      ""attrs"": {}\n    },\n    {\n      ""type"": ""led"",\n      ""id"": ""led"",\n      ""top"": 450,\n      ""left"": 300,\n      ""attrs"": {}\n    },\n    {\n      ""type"": ""push-button"",\n      ""id"": ""push-button"",\n      ""top"": 500,\n      ""left"": 300,\n      ""attrs"": {}\n    },\n    {\n      ""type"": ""lcd-i2c"",\n      ""id"": ""lcd1602"",\n      ""top"": 200,\n      ""left"": 500,\n      ""attrs"": {}\n    },\n    {\n      ""type"": ""lcd-i2c"",\n      ""id"": ""ssd1306"",\n      ""top"": 300,\n      ""left"": 500,\n      ""attrs"": {}\n    },\n    {\n      ""type"": ""ir-receiver"",\n      ""id"": ""ir-remote"",\n      ""top"": 400,\n      ""left"": 500,\n      ""attrs"": {}\n    }\n  ],\n  ""connections"": [\n    [\n      ""dht22:VCC"",\n      ""esp:3V3"",\n      ""red"",\n      []\n    ],\n    [\n      ""dht22:GND"",\n      ""esp:GND"",\n      ""black"",\n      []\n    ],\n    [\n      ""dht22:DATA"",\n      ""esp:D18"",\n      ""blue"",\n      []\n    ],\n    [\n      ""hc-sr04:VCC"",\n      ""esp:5V"",\n      ""red"",\n      []\n    ],\n    [\n      ""hc-sr04:GND"",\n      ""esp:GND"",\n      ""black"",\n      []\n    ],\n    [\n      ""hc-sr04:TRIG"",\n      ""esp:D12"",\n      ""green"",\n      []\n    ],\n    [\n      ""hc-sr04:ECHO"",\n      ""esp:D13"",\n      ""yellow"",\n      []\n    ],\n    [\n      ""pir:AOUT"",\n      ""esp:D26"",\n      ""orange"",\n      []\n    ],\n    [\n      ""pir:VCC"",\n      ""esp:5V"",\n      ""red"",\n      []\n    ],\n    [\n      ""pir:GND"",\n      ""esp:GND"",\n      ""black"",\n      []\n    ],\n    [\n      ""ir-receiver:DAT"",\n      ""esp:D27"",\n      ""purple"",\n      []\n    ],\n    [\n      ""ir-receiver:VCC"",\n      ""esp:5V"",\n      ""red"",\n      []\n    ],\n    [\n      ""ir-receiver:GND"",\n      ""esp:GND"",\n      ""black"",\n      []\n    ],\n    [\n      ""buzzer:VCC"",\n      ""esp:D25"",\n      ""brown"",\n      []\n    ],\n    [\n      ""buzzer:GND"",\n      ""esp:GND"",\n      ""black"",\n      []\n    ],\n    [\n      ""led:+"",\n      ""esp:D33"",\n      ""pink"",\n      []\n    ],\n    [\n      ""led:-"",\n      ""esp:GND"",\n      ""black"",\n      []\n    ],\n    [\n      ""push-button:1"",\n      ""esp:D32"",\n      ""grey"",\n      []\n    ],\n    [\n      ""push-button:2"",\n      ""esp:GND"",\n      ""black"",\n      []\n    ],\n    [\n      ""lcd1602:SDA"",\n      ""esp:D21"",\n      ""turquoise"",\n      []\n    ],\n    [\n      ""lcd1602:SCL"",\n      ""esp:D22"",\n      ""silver"",\n      []\n    ],\n    [\n      ""lcd1602:VCC"",\n      ""esp:5V"",\n      ""red"",\n      []\n    ],\n    [\n      ""lcd1602:GND"",\n      ""esp:GND"",\n      ""black"",\n      []\n    ],\n    [\n      ""ssd1306:SDA"",\n      ""esp:D21"",\n      ""violet"",\n      []\n    ],\n    [\n      ""ssd1306:SCL"",\n      ""esp:D22"",\n      ""magenta"",\n      []\n    ],\n    [\n      ""ssd1306:VCC"",\n      ""esp:5V"",\n      ""red"",\n      []\n    ],\n    [\n      ""ssd1306:GND"",\n      ""esp:GND"",\n      ""black"",\n      []\n    ],\n    [\n      ""ir-remote:DAT"",\n      ""ir-receiver:DAT"",\n      ""white"",\n      []\n    ]\n  ]\n}"
"Create a circuit with a single ESP microcontroller, having 16MB of flash memory, and connect its serial communication pins (TX and RX) to a serial monitor, which should display the output in a terminal format and convert end-of-line characters for proper text representation.","{\n  ""version"": 1,\n  ""author"": ""Shakib"",\n  ""parts"": [\n    {\n      ""type"": ""esp32-devkit-v1"",\n      ""id"": ""esp"",\n      ""top"": 100,\n      ""left"": 200,\n      ""attrs"": {\n        ""value"": ""16MB""\n      }\n    },\n    {\n      ""type"": ""lcd-i2c"",\n      ""id"": ""serial_monitor"",\n      ""top"": 250,\n      ""left"": 200,\n      ""attrs"": {\n        ""value"": ""Serial Monitor""\n      }\n    }\n  ],\n  ""connections"": [\n    [\n      ""esp:TX0"",\n      ""serial_monitor:SDA"",\n      ""blue"",\n      []\n    ],\n    [\n      ""esp:RX0"",\n      ""serial_monitor:SCL"",\n      ""red"",\n      []\n    ],\n    [\n      ""esp:GND"",\n      ""serial_monitor:GND"",\n      ""black"",\n      []\n    ],\n    [\n      ""esp:3V3"",\n      ""serial_monitor:VCC"",\n      ""green"",\n      []\n    ]\n  ]\n}"
"Create a circuit with an ESP32-C3-DevKitM-1 board, which has 16MB of flash memory, and connect its TX pin to the RX pin of a serial monitor, and its RX pin to the TX pin of the same serial monitor, to establish a serial communication link, and display the output in a terminal.","{\n  ""version"": 1,\n  ""author"": ""Shakib"",\n  ""parts"": [\n    {\n      ""type"": ""esp32-devkit-v1"",\n      ""id"": ""esp"",\n      ""top"": 100,\n      ""left"": 200,\n      ""attrs"": {}\n    },\n    {\n      ""type"": ""hc05"",\n      ""id"": ""serial-monitor"",\n      ""top"": 100,\n      ""left"": 450,\n      ""attrs"": {}\n    }\n  ],\n  ""connections"": [\n    [\n      ""esp:TX0"",\n      ""serial-monitor:RX"",\n      ""blue"",\n      []\n    ],\n    [\n      ""esp:RX0"",\n      ""serial-monitor:TX"",\n      ""red"",\n      []\n    ],\n    [\n      ""esp:GND"",\n      ""serial-monitor:GND"",\n      ""black"",\n      []\n    ],\n    [\n      ""esp:3V3"",\n      ""serial-monitor:VCC"",\n      ""green"",\n      []\n    ]\n  ]\n}"
"Create a circuit that includes an ESP32 DevKitC V4 microcontroller connected to a breadboard, with several components and sensors attached. The components include two PIR motion sensors, a buzzer, a slide switch, a stepper motor, a membrane keypad, an LCD display, a photoresistor sensor, a pushbutton, two resistors, an ultrasonic sensor, an LED, and a DHT22 temperature and humidity sensor. The connections between the components and the microcontroller should be as follows: the ESP32 is connected to the serial monitor, and its 5V and GND pins are connected to the breadboard. The PIR motion sensors, buzzer, and ultrasonic sensor are connected to the breadboard and the ESP32. The slide switch is connected to the breadboard, and the stepper motor is connected to the ESP32. The membrane keypad is connected to the ESP32, and the LCD display is connected to the breadboard and the ESP32 via I2C. The photoresistor sensor is connected to the breadboard, and the pushbutton is connected to the breadboard and the ESP32. The resistors are connected to the LED and the pushbutton, and the DHT22 sensor is connected to the breadboard and the ESP32. The circuit should be configured to allow the ESP32 to read data from the sensors and control the actuators, and the LCD display should show the data from the sensors. The circuit should also have a serial monitor connection to allow for debugging and communication with the ESP32.","{\n  ""version"": 1,\n  ""author"": ""Shakib"",\n  ""parts"": [\n    {\n      ""type"": ""esp32-devkit-v1"",\n      ""id"": ""esp"",\n      ""top"": 50,\n      ""left"": 100,\n      ""attrs"": {}\n    },\n    {\n      ""type"": ""buzzer"",\n      ""id"": ""buzzer"",\n      ""top"": 200,\n      ""left"": 300,\n      ""attrs"": {}\n    },\n    {\n      ""type"": ""push-button"",\n      ""id"": ""button"",\n      ""top"": 250,\n      ""left"": 400,\n      ""attrs"": {}\n    },\n    {\n      ""type"": ""resistor"",\n      ""id"": ""r1"",\n      ""top"": 220,\n      ""left"": 420,\n      ""attrs"": {}\n    },\n    {\n      ""type"": ""resistor"",\n      ""id"": ""r2"",\n      ""top"": 280,\n      ""left"": 420,\n      ""attrs"": {}\n    },\n    {\n      ""type"": ""led"",\n      ""id"": ""led"",\n      ""top"": 250,\n      ""left"": 500,\n      ""attrs"": {}\n    },\n    {\n      ""type"": ""dht22"",\n      ""id"": ""dht22"",\n      ""top"": 150,\n      ""left"": 550,\n      ""attrs"": {}\n    },\n    {\n      ""type"": ""hc-sr04"",\n      ""id"": ""ultrasonic"",\n      ""top"": 100,\n      ""left"": 600,\n      ""attrs"": {}\n    },\n    {\n      ""type"": ""lcd-i2c"",\n      ""id"": ""lcd"",\n      ""top"": 50,\n      ""left"": 650,\n      ""attrs"": {}\n    },\n    {\n      ""type"": ""stepper-motor"",\n      ""id"": ""stepper"",\n      ""top"": 300,\n      ""left"": 100,\n      ""attrs"": {}\n    },\n    {\n      ""type"": ""flame-sensor"",\n      ""id"": ""pir1"",\n      ""top"": 200,\n      ""left"": 200,\n      ""attrs"": {}\n    },\n    {\n      ""type"": ""flame-sensor"",\n      ""id"": ""pir2"",\n      ""top"": 250,\n      ""left"": 200,\n      ""attrs"": {}\n    },\n    {\n      ""type"": ""micro-sd-card"",\n      ""id"": ""keypad"",\n      ""top"": 350,\n      ""left"": 400,\n      ""attrs"": {}\n    },\n    {\n      ""type"": ""diode"",\n      ""id"": ""photoresistor"",\n      ""top"": 280,\n      ""left"": 550,\n      ""attrs"": {}\n    }\n  ],\n  ""connections"": [\n    [\n      ""buzzer:VCC"",\n      ""esp:D21"",\n      ""green"",\n      []\n    ],\n    [\n      ""buzzer:GND"",\n      ""esp:GND"",\n      ""black"",\n      []\n    ],\n    [\n      ""button:1"",\n      ""r1:1"",\n      ""blue"",\n      []\n    ],\n    [\n      ""r1:2"",\n      ""esp:D22"",\n      ""orange"",\n      []\n    ],\n    [\n      ""r2:1"",\n      ""led:-"",\n      ""purple"",\n      []\n    ],\n    [\n      ""led:+"",\n      ""esp:D23"",\n      ""pink"",\n      []\n    ],\n    [\n      ""dht22:VCC"",\n      ""esp:3V3"",\n      ""brown"",\n      []\n    ],\n    [\n      ""dht22:GND"",\n      ""esp:GND"",\n      ""grey"",\n      []\n    ],\n    [\n      ""dht22:DATA"",\n      ""esp:D18"",\n      ""turquoise"",\n      []\n    ],\n    [\n      ""ultrasonic:VCC"",\n      ""esp:5V"",\n      ""red"",\n      []\n    ],\n    [\n      ""ultrasonic:GND"",\n      ""esp:GND"",\n      ""silver"",\n      []\n    ],\n    [\n      ""ultrasonic:TRIG"",\n      ""esp:D19"",\n      ""violet"",\n      []\n    ],\n    [\n      ""ultrasonic:ECHO"",\n      ""esp:D5"",\n      ""cyan"",\n      []\n    ],\n    [\n      ""lcd:VCC"",\n      ""esp:3V3"",\n      ""magenta"",\n      []\n    ],\n    [\n      ""lcd:GND"",\n      ""esp:GND"",\n      ""navy"",\n      []\n    ],\n    [\n      ""lcd:SDA"",\n      ""esp:D22"",\n      ""lime"",\n      []\n    ],\n    [\n      ""lcd:SCL"",\n      ""esp:D21"",\n      ""coral"",\n      []\n    ],\n    [\n      ""stepper:1"",\n      ""esp:D13"",\n      ""olive"",\n      []\n    ],\n    [\n      ""stepper:2"",\n      ""esp:D12"",\n      ""teal"",\n      []\n    ],\n    [\n      ""stepper:3"",\n      ""esp:D14"",\n      ""crimson"",\n      []\n    ],\n    [\n      ""stepper:4"",\n      ""esp:D15"",\n      ""tan"",\n      []\n    ],\n    [\n      ""pir1:+"",\n      ""esp:5V"",\n      ""peach"",\n      []\n    ],\n    [\n      ""pir1:-"",\n      ""esp:GND"",\n      ""charcoal"",\n      []\n    ],\n    [\n      ""pir1:D"",\n      ""esp:D2"",\n      ""sienna"",\n      []\n    ],\n    [\n      ""pir2:+"",\n      ""esp:5V"",\n      ""sage"",\n      []\n    ],\n    [\n      ""pir2:-"",\n      ""esp:GND"",\n      ""onyx"",\n      []\n    ],\n    [\n      ""pir2:D"",\n      ""esp:D4"",\n      ""ivory"",\n      []\n    ],\n    [\n      ""keypad:DI"",\n      ""esp:D16"",\n      ""lavender"",\n      []\n    ],\n    [\n      ""keypad:DO"",\n      ""esp:D17"",\n      ""powderblue"",\n      []\n    ],\n    [\n      ""keypad:CS"",\n      ""esp:D23"",\n      ""mint"",\n      []\n    ],\n    [\n      ""keypad:GND"",\n      ""esp:GND"",\n      ""coal"",\n      []\n    ],\n    [\n      ""keypad:VCC"",\n      ""esp:3V3"",\n      ""cream"",\n      []\n    ],\n    [\n      ""photoresistor:+"",\n      ""esp:D25"",\n      ""gold"",\n      []\n    ],\n    [\n      ""photoresistor:-"",\n      ""esp:GND"",\n      ""slate"",\n      []\n    ]\n  ]\n}"
"Create a circuit with an ESP32-C3-DevKitM-1 board, connected to a serial monitor. The board should have the TX pin of the ESP32 connected to the RX pin of the serial monitor, and the RX pin of the ESP32 connected to the TX pin of the serial monitor. The serial monitor should be set to display as a terminal, with a newline character of LF and no conversion of end-of-line characters. The board should be configured to use the Rust-nostd-esp builder.","{
  ""version"": 1,
  ""author"": ""Shakib"",
  ""parts"": [
    { ""type"": ""esp32-devkit-v1"", ""id"": ""esp"", ""top"": 100, ""left"": 50, ""attrs"": {} },
    { ""type"": ""buzzer"", ""id"": ""buzzer"", ""top"": 170, ""left"": 300, ""attrs"": {} },
    { ""type"": ""led"", ""id"": ""led"", ""top"": 250, ""left"": 50, ""attrs"": {} },
    { ""type"": ""resistor"", ""id"": ""resistor"", ""top"": 220, ""left"": 150, ""attrs"": { ""value"": ""1k"" } },
    { ""type"": ""push-button"", ""id"": ""button"", ""top"": 300, ""left"": 400, ""attrs"": {} }
  ],
  ""connections"": [
    [""buzzer:VCC"", ""esp:D21"", ""green"", []],
    [""buzzer:GND"", ""esp:GND"", ""black"", []],
    [""led:+"", ""resistor:1"", ""blue"", []],
    [""resistor:2"", ""esp:D12"", ""red"", []],
    [""led:-"", ""esp:GND"", ""yellow"", []],
    [""button:1"", ""esp:D13"", ""orange"", []],
    [""button:2"", ""esp:GND"", ""purple"", []]
  ]
}"
"Create a circuit consisting of an ESP32 development board connected to an RGB LED, three 1kΩ resistors, an SSD1306 OLED display, and a buzzer. The ESP32 board should have a serial monitor connection. The RGB LED should have its red, green, and blue pins connected to the ESP32's digital pins D27, D26, and D25 respectively, through the 1kΩ resistors. The common pin of the RGB LED should be connected to the ESP32's ground pin. The OLED display should be connected to the ESP32's 3V3 pin for power, ground pin for ground, and digital pins D21 and D22 for SDA and SCL respectively. The buzzer should be connected to the ESP32's digital pin D13 and ground pin. The circuit should also include a text label with the specified text. The connections should be made with wires of various colors, including red, green, blue, black, purple, and magenta.","{
  ""version"": 1,
  ""author"": ""Shakib"",
  ""parts"": [
    { ""type"": ""esp32-devkit-v1"", ""id"": ""esp"", ""top"": 50, ""left"": 100, ""attrs"": {} },
    { ""type"": ""buzzer"", ""id"": ""buzzer"", ""top"": 150, ""left"": 300, ""attrs"": {} },
    { ""type"": ""led"", ""id"": ""led"", ""top"": 250, ""left"": 100, ""attrs"": {} },
    { ""type"": ""resistor"", ""id"": ""resistor"", ""top"": 200, ""left"": 200, ""attrs"": { ""value"": ""1k"" } },
    { ""type"": ""push-button"", ""id"": ""button"", ""top"": 300, ""left"": 300, ""attrs"": {} }
  ],
  ""connections"": [
    [""buzzer:VCC"", ""esp:D21"", ""green"", []],
    [""buzzer:GND"", ""esp:GND"", ""black"", []],
    [""led:+"", ""resistor:1"", ""blue"", []],
    [""resistor:2"", ""esp:D22"", ""red"", []],
    [""led:-"", ""esp:GND"", ""yellow"", []],
    [""button:1"", ""esp:D23"", ""purple"", []],
    [""button:2"", ""esp:GND"", ""orange"", []]
  ]
}"
"Create a circuit with an ESP32 development board as the main microcontroller, connected to two LCD 1602 displays. The ESP32 should have a serial monitor connection for debugging and communication. The first LCD display should be connected to the ESP32 via I2C, with the SDA pin connected to digital pin 21, SCL pin connected to digital pin 22, VCC pin connected to the 3.3V power pin, and GND pin connected to one of the ground pins. The second LCD display should be connected in a daisy-chain configuration to the first LCD display, sharing the same I2C bus and power connections. The circuit should be designed to allow the ESP32 to communicate with both LCD displays using the I2C protocol.","{
  ""version"": 1,
  ""author"": ""Shakib"",
  ""parts"": [
    { ""type"": ""esp32-devkit-v1"", ""id"": ""esp"", ""top"": 50, ""left"": 100, ""attrs"": {} },
    { ""type"": ""buzzer"", ""id"": ""buzzer"", ""top"": 120, ""left"": 300, ""attrs"": {} },
    { ""type"": ""led"", ""id"": ""led"", ""top"": 200, ""left"": 100, ""attrs"": {} },
    { ""type"": ""resistor"", ""id"": ""resistor"", ""top"": 220, ""left"": 200, ""attrs"": { ""value"": ""1k"" } },
    { ""type"": ""push-button"", ""id"": ""button"", ""top"": 250, ""left"": 350, ""attrs"": {} }
  ],
  ""connections"": [
    [""buzzer:VCC"", ""esp:D21"", ""#FF0000"", [""h50"", ""v20""]],
    [""buzzer:GND"", ""esp:GND"", ""#0000FF"", [""h50"", ""v-20""]],
    [""led:+"", ""resistor:1"", ""#00FF00"", [""h20"", ""v10""]],
    [""resistor:2"", ""esp:D12"", ""#FFFF00"", [""h-50"", ""v-30""]],
    [""button:1"", ""esp:D13"", ""#FF00FF"", [""h50"", ""v-20""]],
    [""button:2"", ""esp:GND"", ""#00FFFF"", [""h50"", ""v20""]]
  ]
}"
"Create a circuit with an Arduino Uno microcontroller connected to an HC-SR04 ultrasonic sensor, which is powered by the 5V output of the Arduino. The TRIG pin of the ultrasonic sensor is connected to digital pin 9 of the Arduino, and the ECHO pin is connected to digital pin 10. The ultrasonic sensor's GND pin is connected to one of the Arduino's GND pins. Additionally, connect three red LEDs to the Arduino: one LED's anode is connected to digital pin 4 and its cathode is connected to GND, another LED's anode is connected to digital pin 3 and its cathode is connected to GND, and the last LED's anode is connected to digital pin 2 and its cathode is connected to GND. Ensure all connections are made with the appropriate colored wires.","{
  ""version"": 1,
  ""author"": ""Circuit Designer"",
  ""parts"": [
    { ""type"": ""esp32-devkit-v1"", ""id"": ""esp"", ""top"": 50, ""left"": 100, ""attrs"": {} },
    { ""type"": ""buzzer"", ""id"": ""buzzer"", ""top"": 150, ""left"": 300, ""attrs"": {} },
    { ""type"": ""led"", ""id"": ""led"", ""top"": 250, ""left"": 100, ""attrs"": {} },
    { ""type"": ""resistor"", ""id"": ""resistor"", ""top"": 200, ""left"": 200, ""attrs"": { ""value"": ""1k"" } },
    { ""type"": ""push-button"", ""id"": ""button"", ""top"": 300, ""left"": 300, ""attrs"": {} }
  ],
  ""connections"": [
    [""buzzer:VCC"", ""esp:D21"", ""#FF0000"", []],
    [""buzzer:GND"", ""esp:GND"", ""#0000FF"", []],
    [""led:+"", ""esp:D22"", ""#00FF00"", []],
    [""led:-"", ""resistor:1"", ""#FFFF00"", []],
    [""resistor:2"", ""esp:GND"", ""#FF00FF"", []],
    [""button:1"", ""esp:D23"", ""#00FFFF"", []],
    [""button:2"", ""esp:GND"", ""#FF8000"", []]
  ]
}"
"Create a circuit with an ESP32 development board connected to an ultrasonic sensor, four red LEDs, a relay module, and an LCD display. The ultrasonic sensor should be powered by a VCC connection and have its trigger and echo pins connected to digital pins 26 and 25 of the ESP32, respectively. The four LEDs should be connected to digital pins 18, 19, 21, and a resistor, with the other end of each resistor connected to the VCC. The relay module should be connected to one of the LEDs and to a digital pin on the ESP32, and its VCC and GND pins should be connected to the VCC and GND of the circuit. The LCD display should be connected to the ESP32 using the I2C protocol, with its VCC and GND pins connected to the VIN and GND of the ESP32, and its SDA and SCL pins connected to digital pins 21 and 22 of the ESP32. The circuit should also include multiple VCC and GND connections to power the various components.","{
  ""version"": 1,
  ""author"": ""Shakib"",
  ""parts"": [
    { ""type"": ""esp32-devkit-v1"", ""id"": ""esp"", ""top"": 50, ""left"": 100, ""attrs"": {} },
    { ""type"": ""buzzer"", ""id"": ""buzzer"", ""top"": 150, ""left"": 250, ""attrs"": {} },
    { ""type"": ""led"", ""id"": ""led"", ""top"": 250, ""left"": 400, ""attrs"": {} },
    { ""type"": ""resistor"", ""id"": ""resistor"", ""top"": 200, ""left"": 350, ""attrs"": { ""value"": ""1k"" } },
    { ""type"": ""push-button"", ""id"": ""button"", ""top"": 300, ""left"": 100, ""attrs"": {} }
  ],
  ""connections"": [
    [""buzzer:VCC"", ""esp:D21"", ""green"", []],
    [""buzzer:GND"", ""esp:GND"", ""black"", []],
    [""led:+"", ""resistor:2"", ""blue"", []],
    [""resistor:1"", ""esp:D22"", ""red"", []],
    [""led:-"", ""esp:GND"", ""yellow"", []],
    [""button:1"", ""esp:D23"", ""orange"", []],
    [""button:2"", ""esp:GND"", ""purple"", []]
  ]
}"
"Create a circuit with an ESP32 DevKit C V4 microcontroller board connected to an SSD1306 OLED display. The ESP32 board should be linked to a serial monitor for communication. The OLED display should be connected to the ESP32 board with the following connections: VCC to 3V3, GND to GND, SCL to pin 32, and SDA to pin 33. The serial monitor should be connected to the ESP32 board's TX and RX pins. The OLED display should have an I2C address of 0x3c.","{
  ""version"": 1,
  ""author"": ""Shakib"",
  ""parts"": [
    {
      ""type"": ""esp32-devkit-v1"",
      ""id"": ""esp"",
      ""top"": 50,
      ""left"": 100,
      ""attrs"": {}
    },
    {
      ""type"": ""buzzer"",
      ""id"": ""buzzer"",
      ""top"": 150,
      ""left"": 300,
      ""attrs"": {}
    },
    {
      ""type"": ""led"",
      ""id"": ""led"",
      ""top"": 250,
      ""left"": 100,
      ""attrs"": {}
    },
    {
      ""type"": ""resistor"",
      ""id"": ""resistor"",
      ""top"": 250,
      ""left"": 200,
      ""attrs"": {}
    },
    {
      ""type"": ""push-button"",
      ""id"": ""button"",
      ""top"": 350,
      ""left"": 100,
      ""attrs"": {}
    }
  ],
  ""connections"": [
    [""buzzer:VCC"", ""esp:D21"", ""green"", []],
    [""buzzer:GND"", ""esp:GND"", ""black"", []],
    [""led:+"", ""resistor:1"", ""blue"", []],
    [""resistor:2"", ""esp:D12"", ""red"", []],
    [""led:-"", ""esp:GND"", ""yellow"", []],
    [""button:1"", ""esp:D13"", ""orange"", []],
    [""button:2"", ""esp:GND"", ""purple"", []]
  ]
}"
"Create a circuit that includes an Arduino Uno microcontroller, connected to an NTC temperature sensor and an LCD 1602 display. The Arduino Uno should provide 5V power to the LCD display and the NTC temperature sensor. The NTC temperature sensor should be connected to one of the Arduino's analog input pins, specifically A0, and also connected to ground. The LCD display should be connected to the Arduino's digital pins 2, 3, 4, and 5, which correspond to the display's data pins D7, D6, D5, and D4 respectively. Additionally, the LCD display's RS and E pins should be connected to the Arduino's digital pins 12 and 11 respectively. The LCD display should also be connected to ground. The circuit should be able to read temperature data from the NTC sensor and display it on the LCD display.","{
  ""version"": 1,
  ""author"": ""Shakib"",
  ""editor"": ""CircuitJson Editor"",
  ""parts"": [
    {
      ""type"": ""esp32-devkit-v1"",
      ""id"": ""esp"",
      ""top"": 100,
      ""left"": 50,
      ""attrs"": {}
    },
    {
      ""type"": ""buzzer"",
      ""id"": ""buzzer"",
      ""top"": 200,
      ""left"": 250,
      ""attrs"": {}
    },
    {
      ""type"": ""led"",
      ""id"": ""led"",
      ""top"": 150,
      ""left"": 400,
      ""attrs"": {}
    },
    {
      ""type"": ""resistor"",
      ""id"": ""resistor"",
      ""top"": 120,
      ""left"": 350,
      ""attrs"": {
        ""value"": ""1k""
      }
    }
  ],
  ""connections"": [
    [
      ""$buzzer:VCC"",
      ""$esp:D21"",
      ""#008000"",
      [""h50"", ""v50""]
    ],
    [
      ""$buzzer:GND"",
      ""$esp:GND"",
      ""#000000"",
      [""h50"", ""v-50""]
    ],
    [
      ""$led:+"",
      ""$resistor:2"",
      ""#FF0000"",
      [""h20"", ""v20""]
    ],
    [
      ""$led:-"",
      ""$esp:GND"",
      ""#0000FF"",
      [""h50"", ""v-100""]
    ],
    [
      ""$resistor:1"",
      ""$esp:D22"",
      ""#FFFF00"",
      [""h20"", ""v50""]
    ]
  ]
}"
"Create an electronic circuit consisting of an Arduino Mega microcontroller connected to a breadboard. The circuit should include a buzzer and twelve pushbuttons, with each pushbutton connected to the breadboard and the Arduino board. The pushbuttons should be arranged in a 3x4 grid with two additional buttons placed below the grid. The circuit should also include a slide potentiometer connected to the Arduino's analog input pin A0. The Arduino board should be connected to the breadboard using various digital and analog pins. The circuit should be powered by the Arduino's 5V output, and the ground connections should be made to the Arduino's GND pins. The buzzer should be connected to the breadboard and should produce a sound when the circuit is active. The pushbuttons should be connected to the Arduino's digital pins and should be used to control the circuit's functionality. The slide potentiometer should be used to control an analog signal that is read by the Arduino. The circuit should be designed to allow for the creation of a custom user interface using the pushbuttons and the slide potentiometer.","{
  ""version"": 1,
  ""author"": ""Circuit Designer"",
  ""parts"": [
    { ""type"": ""esp32-devkit-v1"", ""id"": ""esp"", ""top"": 50, ""left"": 100, ""attrs"": {} },
    { ""type"": ""buzzer"", ""id"": ""buzzer"", ""top"": 150, ""left"": 300, ""attrs"": {} },
    { ""type"": ""led"", ""id"": ""led"", ""top"": 250, ""left"": 100, ""attrs"": {} },
    { ""type"": ""resistor"", ""id"": ""resistor"", ""top"": 200, ""left"": 150, ""attrs"": { ""value"": ""1k"" } },
    { ""type"": ""push-button"", ""id"": ""button"", ""top"": 300, ""left"": 300, ""attrs"": {} }
  ],
  ""connections"": [
    [""buzzer:VCC"", ""esp:D21"", ""#FF0000"", [""h50"", ""v50""]],
    [""buzzer:GND"", ""esp:GND"", ""#0000FF"", [""h50"", ""v-50""]],
    [""led:+"", ""resistor:1"", ""#00FF00"", [""h20"", ""v20""]],
    [""resistor:2"", ""esp:D12"", ""#FFFF00"", [""h50"", ""v-20""]],
    [""led:-"", ""esp:GND"", ""#008000"", [""h20"", ""v-50""]],
    [""button:1"", ""esp:D13"", ""#800000"", [""h50"", ""v50""]],
    [""button:2"", ""esp:GND"", ""#000080"", [""h50"", ""v-50""]]
  ]
}"
"Create a circuit with an ESP32 DevKitC V4 microcontroller board connected to an MPU6050 inertial measurement unit. The ESP32 board should have a flash size of 16MB. Connect the 3V3 pin of the ESP32 to the VCC pin of the MPU6050 using a red wire, and the GND pin of the ESP32 to the GND pin of the MPU6050 using a black wire. Additionally, connect the SDA pin of the MPU6050 to pin 21 of the ESP32 using a blue wire, and the SCL pin of the MPU6050 to pin 22 of the ESP32 using a green wire. The ESP32 should also be connected to a serial monitor, with the TX pin of the ESP32 connected to the RX pin of the serial monitor, and the RX pin of the ESP32 connected to the TX pin of the serial monitor. The serial monitor should be displayed as a terminal and should convert end-of-line characters.","{
  ""version"": 1,
  ""author"": ""Shakib"",
  ""parts"": [
    { ""type"": ""esp32-devkit-v1"", ""id"": ""esp"", ""top"": 100, ""left"": 50, ""attrs"": {} },
    { ""type"": ""buzzer"", ""id"": ""buzzer"", ""top"": 170, ""left"": 250, ""attrs"": {} },
    { ""type"": ""led"", ""id"": ""led"", ""top"": 250, ""left"": 400, ""attrs"": {} },
    { ""type"": ""resistor"", ""id"": ""resistor"", ""top"": 220, ""left"": 320, ""attrs"": { ""value"": ""1k"" } },
    { ""type"": ""push-button"", ""id"": ""button"", ""top"": 300, ""left"": 50, ""attrs"": {} }
  ],
  ""connections"": [
    [""buzzer:VCC"", ""esp:D21"", ""#008000"", []],
    [""buzzer:GND"", ""esp:GND"", ""#000000"", []],
    [""led:+"", ""resistor:1"", ""#FFA500"", []],
    [""resistor:2"", ""esp:D22"", ""#6495ED"", []],
    [""led:-"", ""esp:GND"", ""#8B4513"", []],
    [""button:1"", ""esp:D19"", ""#DC143C"", []],
    [""button:2"", ""esp:GND"", ""#00698f"", []]
  ]
}"
"Create a circuit consisting of an ESP32 DevKit C V4 microcontroller connected to three A4988 stepper motor drivers, which in turn control three stepper motors. The ESP32 is also connected to two L293D motor drivers, a servo motor for a gripper, and several pushbuttons for limiting and calibration purposes. Additionally, the circuit includes a potentiometer, an LED, and a resistor. The ESP32 is connected to a serial monitor for communication. The stepper motors are labeled as StepperX, StepperY, and StepperZ, and the pushbuttons are used for limit detection and emergency stop. The servo motor is connected to the ESP32's PWM output, and the LED is connected to one of the ESP32's digital outputs through a resistor. The potentiometer is connected to the ESP32's analog input and is used to control the servo motor or other components. The circuit also includes several text labels to identify the different components and their connections.","{
  ""version"": 1,
  ""author"": ""Shakib"",
  ""parts"": [
    { ""type"": ""esp32-devkit-v1"", ""id"": ""esp"", ""top"": 50, ""left"": 100, ""attrs"": {} },
    { ""type"": ""buzzer"", ""id"": ""buzzer"", ""top"": 150, ""left"": 300, ""attrs"": {} },
    { ""type"": ""led"", ""id"": ""led"", ""top"": 250, ""left"": 100, ""attrs"": {} },
    { ""type"": ""resistor"", ""id"": ""resistor"", ""top"": 200, ""left"": 150, ""attrs"": { ""value"": ""1k"" } },
    { ""type"": ""push-button"", ""id"": ""button"", ""top"": 300, ""left"": 300, ""attrs"": {} }
  ],
  ""connections"": [
    [""buzzer:VCC"", ""esp:D21"", ""green"", []],
    [""buzzer:GND"", ""esp:GND"", ""black"", []],
    [""led:+"", ""resistor:1"", ""blue"", []],
    [""resistor:2"", ""esp:D12"", ""red"", []],
    [""led:-"", ""esp:GND"", ""yellow"", []],
    [""button:1"", ""esp:D13"", ""purple"", []],
    [""button:2"", ""esp:GND"", ""orange"", []]
  ]
}"
"Create a circuit with an Arduino Uno microcontroller, a PIR motion sensor, an LCD 1602 display, and a red LED. The PIR motion sensor should be connected to the Arduino Uno's 5V and GND pins, as well as digital pin 2. The LCD 1602 display should be connected to the Arduino Uno's 5V, GND, SDA, and SCL pins. The red LED should be connected to a power source, but its exact connection is unclear. The circuit should be designed to display information on the LCD 1602 display when motion is detected by the PIR motion sensor, and the red LED should be controlled by the Arduino Uno. The circuit should also have the necessary power connections to the Arduino Uno and other components.","{
  ""version"": 1,
  ""author"": ""Circuit Designer"",
  ""parts"": [
    { ""type"": ""esp32-devkit-v1"", ""id"": ""esp"", ""top"": 50, ""left"": 100, ""attrs"": {} },
    { ""type"": ""buzzer"", ""id"": ""buzzer"", ""top"": 150, ""left"": 300, ""attrs"": {} },
    { ""type"": ""led"", ""id"": ""led"", ""top"": 250, ""left"": 100, ""attrs"": {} },
    { ""type"": ""resistor"", ""id"": ""resistor"", ""top"": 200, ""left"": 200, ""attrs"": { ""value"": ""1k"" } },
    { ""type"": ""push-button"", ""id"": ""button"", ""top"": 300, ""left"": 400, ""attrs"": {} }
  ],
  ""connections"": [
    [""buzzer:VCC"", ""esp:D21"", ""#FF0000"", []],
    [""buzzer:GND"", ""esp:GND"", ""#0000FF"", []],
    [""led:+"", ""resistor:1"", ""#00FF00"", []],
    [""resistor:2"", ""esp:D22"", ""#FFFF00"", []],
    [""led:-"", ""esp:GND"", ""#FF00FF"", []],
    [""button:1"", ""esp:D23"", ""#00FFFF"", []],
    [""button:2"", ""esp:GND"", ""#FF8000"", []]
  ]
}"
"Create a circuit with an ESP32 development board as the main microcontroller, connected to an ILI9341 LCD display screen, which is mounted at a 90-degree rotation. The LCD screen should be connected to the ESP32 board with the following connections: the LCD's GND pin connected to the ESP32's GND pin, the LCD's RST pin connected to the ESP32's pin 4, the LCD's D/C pin connected to the ESP32's pin 2, the LCD's SCK pin connected to the ESP32's pin 18, the LCD's MISO pin connected to the ESP32's pin 19, the LCD's MOSI pin connected to the ESP32's pin 23, the LCD's CS pin connected to the ESP32's pin 15, and the LCD's VCC pin connected to the ESP32's 5V pin. Additionally, include a green pushbutton labeled ""New joke"" connected to the ESP32 board, with one pin of the button connected to the ESP32's pin 5 and the other pin connected to the ESP32's GND pin. The circuit should also include connections for serial communication between the ESP32 board and a serial monitor.","{
  ""version"": 1,
  ""author"": ""Shakib"",
  ""parts"": [
    { ""type"": ""esp32-devkit-v1"", ""id"": ""esp"", ""top"": 50, ""left"": 100, ""attrs"": {} },
    { ""type"": ""buzzer"", ""id"": ""buzzer"", ""top"": 120, ""left"": 300, ""attrs"": {} },
    { ""type"": ""led"", ""id"": ""led"", ""top"": 200, ""left"": 100, ""attrs"": {} },
    { ""type"": ""resistor"", ""id"": ""resistor"", ""top"": 180, ""left"": 200, ""attrs"": {} },
    { ""type"": ""push-button"", ""id"": ""button"", ""top"": 250, ""left"": 300, ""attrs"": {} }
  ],
  ""connections"": [
    [""buzzer:VCC"", ""esp:D21"", ""#008000"", []],
    [""buzzer:GND"", ""esp:GND"", ""#000000"", []],
    [""led:+"", ""resistor:1"", ""#FF0000"", []],
    [""resistor:2"", ""esp:D12"", ""#00FFFF"", []],
    [""led:-"", ""esp:GND"", ""#808000"", []],
    [""button:1"", ""esp:D13"", ""#800080"", []],
    [""button:2"", ""esp:GND"", ""#008080"", []]
  ]
}"
"Create a circuit with an Arduino Mega microcontroller connected to an ILI9341 LCD display, an analog joystick, and a buzzer. The LCD display should be powered from the Arduino's 5V pin and have its CS, D/C, MOSI, MISO, SCK, LED, and RST pins connected to the Arduino's corresponding digital pins (6, 7, 11, 12, 13, 5V, and 10 respectively). The analog joystick should be connected to the Arduino's 5V pin, GND pin, and have its SEL, HORZ, and VERT pins connected to the Arduino's digital pin 2, analog pins A1 and A0 respectively. The buzzer should be connected to the Arduino's GND pin and digital pin 3, with its volume set to a low level. Ensure all connections are made with the corresponding colored wires as described.","{
  ""version"": 1,
  ""author"": ""Shakib"",
  ""parts"": [
    {
      ""type"": ""esp32-devkit-v1"",
      ""id"": ""esp"",
      ""top"": 50,
      ""left"": 100,
      ""attrs"": {}
    },
    {
      ""type"": ""buzzer"",
      ""id"": ""buzzer"",
      ""top"": 120,
      ""left"": 300,
      ""attrs"": {}
    },
    {
      ""type"": ""led"",
      ""id"": ""led"",
      ""top"": 200,
      ""left"": 100,
      ""attrs"": {}
    },
    {
      ""type"": ""resistor"",
      ""id"": ""resistor"",
      ""top"": 220,
      ""left"": 200,
      ""attrs"": {
        ""value"": ""1k""
      }
    },
    {
      ""type"": ""push-button"",
      ""id"": ""button"",
      ""top"": 150,
      ""left"": 500,
      ""attrs"": {}
    }
  ],
  ""connections"": [
    [""buzzer:VCC"", ""esp:D21"", ""#008000"", []],
    [""buzzer:GND"", ""esp:GND"", ""#000000"", []],
    [""led:+"", ""resistor:1"", ""#FF0000"", []],
    [""resistor:2"", ""esp:D12"", ""#0000FF"", []],
    [""led:-"", ""esp:GND"", ""#808000"", []],
    [""button:1"", ""esp:D13"", ""#800080"", []],
    [""button:2"", ""esp:GND"", ""#008080"", []]
  ]
}"
"Create a circuit consisting of two breadboards, an ESP32 DevKitC v4 board, an LCD 1602 display, a buzzer, a yellow LED, a 1kΩ resistor, and a green pushbutton. The ESP32 board should be connected to the LCD display via I2C, with the SCL pin connected to the ESP32's pin 33, the SDA pin connected to the ESP32's pin 32, the VCC pin connected to the ESP32's 5V pin, and the GND pin connected to the breadboard. The buzzer should be connected to the breadboard, with one terminal connected to the breadboard's power rail and the other terminal connected to a free pin on the breadboard. The yellow LED should be connected to the breadboard in series with the 1kΩ resistor, with the other end of the resistor connected to the power rail. The green pushbutton should be connected to the ESP32's pin 16 and to the breadboard's power rail. The circuit should also include connections for serial communication between the ESP32 and a serial monitor. The buzzer should have a volume of 0.1.","{
  ""version"": 1,
  ""author"": ""Shakib"",
  ""parts"": [
    { ""type"": ""esp32-devkit-v1"", ""id"": ""esp"", ""top"": 100, ""left"": 50, ""attrs"": {} },
    { ""type"": ""buzzer"", ""id"": ""buzzer"", ""top"": 170, ""left"": 250, ""attrs"": {} },
    { ""type"": ""led"", ""id"": ""led"", ""top"": 250, ""left"": 400, ""attrs"": {} },
    { ""type"": ""resistor"", ""id"": ""resistor"", ""top"": 200, ""left"": 350, ""attrs"": {} },
    { ""type"": ""push-button"", ""id"": ""button"", ""top"": 300, ""left"": 500, ""attrs"": {} }
  ],
  ""connections"": [
    [""buzzer:VCC"", ""esp:D21"", ""#008000"", []],
    [""buzzer:GND"", ""esp:GND"", ""#000000"", []],
    [""led:+"", ""resistor:1"", ""#FF0000"", []],
    [""resistor:2"", ""esp:D22"", ""#FFFF00"", []],
    [""led:-"", ""esp:GND"", ""#0000FF"", []],
    [""button:1"", ""esp:D23"", ""#FF00FF"", []],
    [""button:2"", ""esp:GND"", ""#00FFFF"", []]
  ]
}"
"Create a circuit with an Arduino Uno microcontroller connected to several components. The Arduino should have a PIR motion sensor connected to its digital pin 2 and 5V pin, with the sensor's ground connected to the Arduino's ground. A green pushbutton should be connected to the Arduino's digital pin 3 and ground, with the button's other leg connected to the Arduino's ground. An LED should be connected to the Arduino's digital pin 11, with its other leg connected to a 1kΩ resistor, which is then connected to the Arduino's ground. Additionally, a photoresistor sensor should be connected to the Arduino's analog input pin A2, 5V pin, and ground. Ensure all connections are made with the respective colored wires as specified.","{
  ""version"": 1,
  ""author"": ""Circuit Designer"",
  ""parts"": [
    { ""type"": ""esp32-devkit-v1"", ""id"": ""esp"", ""top"": 50, ""left"": 100, ""attrs"": {} },
    { ""type"": ""buzzer"", ""id"": ""buzzer"", ""top"": 120, ""left"": 300, ""attrs"": {} },
    { ""type"": ""led"", ""id"": ""led"", ""top"": 200, ""left"": 100, ""attrs"": {} },
    { ""type"": ""resistor"", ""id"": ""resistor"", ""top"": 220, ""left"": 250, ""attrs"": { ""value"": ""1k"" } },
    { ""type"": ""push-button"", ""id"": ""button"", ""top"": 280, ""left"": 300, ""attrs"": {} }
  ],
  ""connections"": [
    [""buzzer:VCC"", ""esp:D21"", ""#FF0000"", [""h50"", ""v20""]],
    [""buzzer:GND"", ""esp:GND"", ""#0000FF"", [""h50"", ""v-20""]],
    [""led:+"", ""resistor:1"", ""#00FF00"", [""h20"", ""v10""]],
    [""resistor:2"", ""esp:D12"", ""#FFFF00"", [""h-50"", ""v10""]],
    [""button:1"", ""esp:D13"", ""#FF00FF"", [""h-50"", ""v-30""]],
    [""button:2"", ""esp:GND"", ""#00FFFF"", [""h-50"", ""v30""]]
  ]
}"
"Create a circuit with an ESP32 DevKit C V4 microcontroller connected to various sensors and components, including a DHT22 temperature and humidity sensor, an HC-SR04 ultrasonic sensor, a PIR motion sensor, an IR receiver, a buzzer, a red LED, and a pushbutton. The ESP32 should be connected to a mini breadboard, which is also connected to an SSD1306 OLED display and an LCD1602 display. The circuit should also include an IR remote control. The connections between the components should be as follows: the ESP32's TX and RX pins should be connected to a serial monitor, the DHT22's VCC pin should be connected to the ESP32's 3V3 pin, the ultrasonic sensor's VCC and GND pins should be connected to the breadboard, and its TRIG and ECHO pins should be connected to the ESP32's GPIO 12 and 13 pins, respectively. The PIR motion sensor's OUT pin should be connected to the ESP32's GPIO 26 pin, and its VCC and GND pins should be connected to the breadboard. The IR receiver's DAT pin should be connected to the ESP32's GPIO 27 pin, and its VCC and GND pins should be connected to the breadboard. The buzzer's pins should be connected to the breadboard and the ESP32's GPIO 25 pin, the LED's pins should be connected to the breadboard and the ESP32's GPIO 33 pin, and the pushbutton's pins should be connected to the breadboard and the ESP32's GPIO 32 pin. The LCD1602 display's SDA and SCL pins should be connected to the breadboard, which is connected to the ESP32's GPIO 21 and 22 pins, and the SSD1306 OLED display's SDA and SCL pins should be connected to the breadboard, which is connected to the ESP32's GPIO 21 and 22 pins. The IR remote control should be connected to the IR receiver. The circuit should be powered by the ESP32's 5V pin, which is connected to the breadboard.","{
  ""version"": 1,
  ""author"": ""Shakib"",
  ""parts"": [
    { ""type"": ""esp32-devkit-v1"", ""id"": ""esp"", ""top"": 50, ""left"": 100, ""attrs"": {} },
    { ""type"": ""buzzer"", ""id"": ""buzzer"", ""top"": 150, ""left"": 300, ""attrs"": {} },
    { ""type"": ""led"", ""id"": ""led"", ""top"": 250, ""left"": 100, ""attrs"": {} },
    { ""type"": ""resistor"", ""id"": ""resistor"", ""top"": 200, ""left"": 200, ""attrs"": {} },
    { ""type"": ""push-button"", ""id"": ""button"", ""top"": 300, ""left"": 300, ""attrs"": {} }
  ],
  ""connections"": [
    [""buzzer:VCC"", ""esp:D21"", ""green"", []],
    [""buzzer:GND"", ""esp:GND"", ""black"", []],
    [""led:+"", ""resistor:1"", ""blue"", []],
    [""resistor:2"", ""esp:D22"", ""red"", []],
    [""led:-"", ""esp:GND"", ""yellow"", []],
    [""button:1"", ""esp:D23"", ""orange"", []],
    [""button:2"", ""esp:GND"", ""purple"", []]
  ]
}"
"Create a circuit with a single ESP microcontroller, having 16MB of flash memory, and connect its serial communication pins (TX and RX) to a serial monitor, which should display the output in a terminal format and convert end-of-line characters for proper text representation.","{
  ""version"": 1,
  ""author"": ""Circuit Designer"",
  ""editor"": ""JSON Editor"",
  ""parts"": [
    { ""type"": ""esp32-devkit-v1"", ""id"": ""esp"", ""top"": 50, ""left"": 100, ""attrs"": {} },
    { ""type"": ""buzzer"", ""id"": ""buzzer"", ""top"": 150, ""left"": 300, ""attrs"": {} },
    { ""type"": ""led"", ""id"": ""led"", ""top"": 250, ""left"": 100, ""attrs"": {} },
    { ""type"": ""resistor"", ""id"": ""resistor"", ""top"": 200, ""left"": 200, ""attrs"": { ""value"": ""1k"" } },
    { ""type"": ""push-button"", ""id"": ""button"", ""top"": 300, ""left"": 300, ""attrs"": {} }
  ],
  ""connections"": [
    [""buzzer:VCC"", ""esp:D21"", ""#FF0000"", []],
    [""buzzer:GND"", ""esp:GND"", ""#0000FF"", []],
    [""led:+"", ""resistor:1"", ""#FFFF00"", []],
    [""resistor:2"", ""esp:D12"", ""#00FF00"", []],
    [""led:-"", ""esp:GND"", ""#FF00FF"", []],
    [""button:1"", ""esp:D13"", ""#C0C0C0"", []],
    [""button:2"", ""esp:GND"", ""#808080"", []]
  ]
}"
"Create a circuit with an ESP32-C3-DevKitM-1 board, which has 16MB of flash memory, and connect its TX pin to the RX pin of a serial monitor, and its RX pin to the TX pin of the same serial monitor, to establish a serial communication link, and display the output in a terminal.","{
  ""version"": 1,
  ""author"": ""Shakib"",
  ""parts"": [
    { ""type"": ""esp32-devkit-v1"", ""id"": ""esp"", ""top"": 50, ""left"": 100, ""attrs"": {} },
    { ""type"": ""buzzer"", ""id"": ""buzzer"", ""top"": 150, ""left"": 300, ""attrs"": {} },
    { ""type"": ""led"", ""id"": ""led"", ""top"": 250, ""left"": 100, ""attrs"": {} },
    { ""type"": ""resistor"", ""id"": ""resistor"", ""top"": 200, ""left"": 200, ""attrs"": { ""value"": ""1k"" } },
    { ""type"": ""push-button"", ""id"": ""button"", ""top"": 300, ""left"": 300, ""attrs"": {} }
  ],
  ""connections"": [
    [""buzzer:VCC"", ""esp:D21"", ""green"", []],
    [""buzzer:GND"", ""esp:GND"", ""black"", []],
    [""led:+"", ""resistor:1"", ""blue"", []],
    [""resistor:2"", ""esp:D12"", ""red"", []],
    [""led:-"", ""esp:GND"", ""yellow"", []],
    [""button:1"", ""esp:D13"", ""purple"", []],
    [""button:2"", ""esp:GND"", ""orange"", []]
  ]
}"
"Create a circuit that includes an ESP32 DevKitC V4 microcontroller connected to a breadboard, with several components and sensors attached. The components include two PIR motion sensors, a buzzer, a slide switch, a stepper motor, a membrane keypad, an LCD display, a photoresistor sensor, a pushbutton, two resistors, an ultrasonic sensor, an LED, and a DHT22 temperature and humidity sensor. The connections between the components and the microcontroller should be as follows: the ESP32 is connected to the serial monitor, and its 5V and GND pins are connected to the breadboard. The PIR motion sensors, buzzer, and ultrasonic sensor are connected to the breadboard and the ESP32. The slide switch is connected to the breadboard, and the stepper motor is connected to the ESP32. The membrane keypad is connected to the ESP32, and the LCD display is connected to the breadboard and the ESP32 via I2C. The photoresistor sensor is connected to the breadboard, and the pushbutton is connected to the breadboard and the ESP32. The resistors are connected to the LED and the pushbutton, and the DHT22 sensor is connected to the breadboard and the ESP32. The circuit should be configured to allow the ESP32 to read data from the sensors and control the actuators, and the LCD display should show the data from the sensors. The circuit should also have a serial monitor connection to allow for debugging and communication with the ESP32.","{
  ""version"": 1,
  ""author"": ""Shakib"",
  ""editor"": ""Visual Editor"",
  ""parts"": [
    {
      ""type"": ""esp32-devkit-v1"",
      ""id"": ""esp"",
      ""top"": 50,
      ""left"": 100,
      ""attrs"": {}
    },
    {
      ""type"": ""buzzer"",
      ""id"": ""buzzer"",
      ""top"": 150,
      ""left"": 300,
      ""attrs"": {}
    },
    {
      ""type"": ""led"",
      ""id"": ""led"",
      ""top"": 250,
      ""left"": 100,
      ""attrs"": {}
    },
    {
      ""type"": ""resistor"",
      ""id"": ""resistor"",
      ""top"": 200,
      ""left"": 150,
      ""attrs"": { ""value"": ""1k"" }
    },
    {
      ""type"": ""push-button"",
      ""id"": ""button"",
      ""top"": 300,
      ""left"": 300,
      ""attrs"": {}
    }
  ],
  ""connections"": [
    [""buzzer:VCC"", ""esp:D21"", ""#008000"", []],
    [""buzzer:GND"", ""esp:GND"", ""#000000"", []],
    [""led:+"", ""resistor:1"", ""#FF0000"", []],
    [""resistor:2"", ""esp:D12"", ""#0000FF"", []],
    [""led:-"", ""esp:GND"", ""#FFFF00"", []],
    [""button:1"", ""esp:D13"", ""#FF00FF"", []],
    [""button:2"", ""esp:GND"", ""#00FFFF"", []]
  ]
}"
"Create a circuit with an ESP32 development board connected to a serial monitor. The board should have a slide switch connected to digital pins 22 and 23, and the switch's other terminal should be connected to the board's 3.3V power supply. Two 1-kilohm resistors should be connected in series, with one end of each resistor connected to digital pins 22 and 23, respectively, and the other end of each resistor connected to the board's ground. The serial monitor should be connected to the board's TX and RX pins.","{
  ""version"": 1,
  ""author"": ""Shakib"",
  ""parts"": [
    { ""type"": ""esp32-devkit-v1"", ""id"": ""esp"", ""top"": 50, ""left"": 100, ""attrs"": {} },
    { ""type"": ""buzzer"", ""id"": ""buzzer"", ""top"": 150, ""left"": 300, ""attrs"": {} },
    { ""type"": ""led"", ""id"": ""led"", ""top"": 250, ""left"": 100, ""attrs"": {} },
    { ""type"": ""resistor"", ""id"": ""resistor"", ""top"": 200, ""left"": 200, ""attrs"": { ""value"": ""1k"" } },
    { ""type"": ""push-button"", ""id"": ""button"", ""top"": 300, ""left"": 300, ""attrs"": {} }
  ],
  ""connections"": [
    [""buzzer:VCC"", ""esp:D21"", ""green"", []],
    [""buzzer:GND"", ""esp:GND"", ""black"", []],
    [""led:+"", ""resistor:1"", ""blue"", []],
    [""resistor:2"", ""esp:D12"", ""red"", []],
    [""led:-"", ""esp:GND"", ""yellow"", []],
    [""button:1"", ""esp:D13"", ""orange"", []],
    [""button:2"", ""esp:GND"", ""purple"", []]
  ]
}"
"Create a circuit with an Arduino Uno microcontroller connected to three LEDs of different colors: green, yellow, and red. Each LED should have one leg connected to a digital pin on the Arduino (pins 2, 3, and 4 respectively) and the other leg connected to the ground pin on the Arduino. Additionally, include a buzzer with one pin connected to digital pin 5 on the Arduino and the other pin connected to the ground pin on the Arduino. The circuit should also include a photoresistor sensor with the VCC pin connected to the 5V pin on the Arduino, the GND pin connected to the ground pin on the Arduino, and the analog output pin connected to analog pin A0 on the Arduino. The LEDs, buzzer, and photoresistor sensor should be positioned in a way that allows for easy connection and testing of the circuit.","{
  ""version"": 1,
  ""author"": ""Shakib"",
  ""parts"": [
    { ""type"": ""esp32-devkit-v1"", ""id"": ""esp"", ""top"": 50, ""left"": 100, ""attrs"": {} },
    { ""type"": ""buzzer"", ""id"": ""buzzer"", ""top"": 150, ""left"": 300, ""attrs"": {} },
    { ""type"": ""led"", ""id"": ""led"", ""top"": 250, ""left"": 100, ""attrs"": {} },
    { ""type"": ""resistor"", ""id"": ""resistor"", ""top"": 200, ""left"": 150, ""attrs"": { ""value"": ""1k"" } },
    { ""type"": ""push-button"", ""id"": ""button"", ""top"": 300, ""left"": 300, ""attrs"": {} }
  ],
  ""connections"": [
    [""buzzer:VCC"", ""esp:D21"", ""#FF0000"", []],
    [""buzzer:GND"", ""esp:GND"", ""#0000FF"", []],
    [""led:+"", ""resistor:1"", ""#00FF00"", []],
    [""resistor:2"", ""esp:D12"", ""#FFFF00"", []],
    [""led:-"", ""esp:GND"", ""#FF00FF"", []],
    [""button:1"", ""esp:D13"", ""#00FFFF"", []],
    [""button:2"", ""esp:GND"", ""#FF8000"", []]
  ]
}"
"Create a circuit with an ESP32 DevKit C V4 microcontroller board connected to an SSD1306 OLED display. The ESP32 board should be connected to a serial monitor for communication. The OLED display should be connected to the ESP32 board via I2C, with the SCL pin connected to pin 22 on the ESP32, and the SDA pin connected to pin 21 on the ESP32. The OLED display should also have its VCC pin connected to the 3V3 pin on the ESP32, and its GND pin connected to a GND pin on the ESP32. The circuit should be configured to allow serial communication between the ESP32 and the serial monitor, and to display information on the OLED display using the I2C connection.","{
  ""version"": 1,
  ""author"": ""Shakib"",
  ""parts"": [
    {
      ""type"": ""esp32-devkit-v1"",
      ""id"": ""esp"",
      ""top"": 50,
      ""left"": 100,
      ""attrs"": {}
    },
    {
      ""type"": ""buzzer"",
      ""id"": ""buzzer"",
      ""top"": 150,
      ""left"": 300,
      ""attrs"": {}
    },
    {
      ""type"": ""led"",
      ""id"": ""led"",
      ""top"": 250,
      ""left"": 100,
      ""attrs"": {}
    },
    {
      ""type"": ""resistor"",
      ""id"": ""resistor"",
      ""top"": 200,
      ""left"": 150,
      ""attrs"": {}
    }
  ],
  ""connections"": [
    [""buzzer:VCC"", ""esp:D21"", ""#FF0000"", []],
    [""buzzer:GND"", ""esp:GND"", ""#0000FF"", []],
    [""led:+"", ""esp:D12"", ""#00FF00"", []],
    [""led:-"", ""resistor:1"", ""#FFFF00"", []],
    [""resistor:2"", ""esp:GND"", ""#FF00FF"", []]
  ]
}"
"Create a circuit consisting of an ESP32 development board connected to an RGB LED, three 1kohm resistors, an SSD1306 OLED display, and a buzzer. The RGB LED should have its common cathode connected to the ESP32's ground, and its red, green, and blue pins connected to the ESP32's digital pins D27, D26, and D25 respectively, through the 1kohm resistors. The OLED display should be connected to the ESP32's 3V3 pin for power, ground, and its SDA and SCL pins connected to the ESP32's digital pins D21 and D22. The buzzer should be connected to the ESP32's digital pin D13 and ground. The circuit should also include a serial monitor connection for communication. Additionally, include a text label with a custom message. Ensure all connections are made with the appropriate wire colors.","{
  ""version"": 1,
  ""author"": ""Shakib"",
  ""parts"": [
    { ""type"": ""esp32-devkit-v1"", ""id"": ""esp"", ""top"": 50, ""left"": 100, ""attrs"": {} },
    { ""type"": ""buzzer"", ""id"": ""buzzer"", ""top"": 120, ""left"": 300, ""attrs"": {} },
    { ""type"": ""led"", ""id"": ""led"", ""top"": 200, ""left"": 100, ""attrs"": {} },
    { ""type"": ""resistor"", ""id"": ""resistor"", ""top"": 220, ""left"": 200, ""attrs"": { ""value"": ""1k"" } },
    { ""type"": ""push-button"", ""id"": ""button"", ""top"": 250, ""left"": 350, ""attrs"": {} }
  ],
  ""connections"": [
    [""buzzer:VCC"", ""esp:D21"", ""green"", []],
    [""buzzer:GND"", ""esp:GND"", ""black"", []],
    [""led:+"", ""resistor:1"", ""blue"", []],
    [""resistor:2"", ""esp:D12"", ""red"", []],
    [""led:-"", ""esp:GND"", ""yellow"", []],
    [""button:1"", ""esp:D13"", ""purple"", []],
    [""button:2"", ""esp:GND"", ""orange"", []]
  ]
}"
"Create a circuit with a single ESP32 DevKitC V4 microcontroller board, connected to a serial monitor. The ESP32 board's transmit (TX) pin should be connected to the serial monitor's receive (RX) pin, and the ESP32 board's receive (RX) pin should be connected to the serial monitor's transmit (TX) pin, allowing for serial communication between the ESP32 and the serial monitor.","{
  ""version"": 1,
  ""author"": ""Shakib"",
  ""parts"": [
    { ""type"": ""esp32-devkit-v1"", ""id"": ""esp"", ""top"": 50, ""left"": 100, ""attrs"": {} },
    { ""type"": ""buzzer"", ""id"": ""buzzer"", ""top"": 150, ""left"": 300, ""attrs"": {} },
    { ""type"": ""led"", ""id"": ""led"", ""top"": 250, ""left"": 100, ""attrs"": {} },
    { ""type"": ""resistor"", ""id"": ""resistor"", ""top"": 200, ""left"": 150, ""attrs"": { ""value"": ""1k"" } },
    { ""type"": ""push-button"", ""id"": ""button"", ""top"": 300, ""left"": 300, ""attrs"": {} }
  ],
  ""connections"": [
    [""buzzer:VCC"", ""esp:D21"", ""green"", []],
    [""buzzer:GND"", ""esp:GND"", ""black"", []],
    [""led:+"", ""resistor:1"", ""blue"", []],
    [""resistor:2"", ""esp:D22"", ""red"", []],
    [""led:-"", ""esp:GND"", ""yellow"", []],
    [""button:1"", ""esp:D23"", ""orange"", []],
    [""button:2"", ""esp:GND"", ""purple"", []]
  ]
}"
"Create an electrical circuit consisting of an Arduino Uno microcontroller connected to various components. The circuit should include an LCD 1602 display with an I2C connection, a membrane keypad, a slide switch, a buzzer, an LED ring with 16 pixels, and an RGB LED with a common cathode configuration. The circuit should also include two resistors, one with a value of 1000 ohms and the other with a value of 1500 ohms. Connect the 5V and GND pins of the Arduino to a half-sized breadboard, and use the breadboard to connect the various components to the Arduino. The LCD display should be connected to the Arduino's A4 and A5 pins, and the keypad should be connected to the Arduino's digital pins 6-13. The slide switch should be connected to the Arduino's analog pin 1, and the buzzer should be connected to the Arduino's digital pin 2 through a resistor. The LED ring should be connected to the Arduino's digital pin 5, and the RGB LED should be connected to the Arduino's digital pin 4 through a resistor. The circuit should be powered by the Arduino's 5V pin, and all GND connections should be connected to the Arduino's GND pin.","{
  ""version"": 1,
  ""author"": ""Shakib"",
  ""parts"": [
    {
      ""type"": ""esp32-devkit-v1"",
      ""id"": ""esp"",
      ""top"": 50,
      ""left"": 100,
      ""attrs"": {}
    },
    {
      ""type"": ""buzzer"",
      ""id"": ""buzzer"",
      ""top"": 150,
      ""left"": 300,
      ""attrs"": {}
    },
    {
      ""type"": ""led"",
      ""id"": ""led"",
      ""top"": 250,
      ""left"": 100,
      ""attrs"": {}
    },
    {
      ""type"": ""resistor"",
      ""id"": ""resistor"",
      ""top"": 250,
      ""left"": 200,
      ""attrs"": { ""value"": ""1k"" }
    },
    {
      ""type"": ""push-button"",
      ""id"": ""button"",
      ""top"": 350,
      ""left"": 100,
      ""attrs"": {}
    }
  ],
  ""connections"": [
    [""buzzer:VCC"", ""esp:D21"", ""#FF0000"", []],
    [""buzzer:GND"", ""esp:GND"", ""#0000FF"", []],
    [""led:+"", ""resistor:1"", ""#00FF00"", []],
    [""resistor:2"", ""esp:D12"", ""#FFFF00"", []],
    [""led:-"", ""esp:GND"", ""#FF00FF"", []],
    [""button:1"", ""esp:D13"", ""#00FFFF"", []],
    [""button:2"", ""esp:GND"", ""#FF0033"", []]
  ]
}"
"Create a circuit that includes an Arduino Uno microcontroller connected to a breadboard. The circuit should have the following components: 

1. A 1602 LCD display with I2C connection, connected to the Arduino's analog pins 4 and 5.
2. A PIR motion sensor connected to the Arduino's digital pin 9 and to the breadboard for power and ground.
3. A photoresistor sensor (LDR) connected to the breadboard, with one end connected to power and the other end connected to the breadboard.
4. A DS1307 real-time clock connected to the Arduino's analog pins 4 and 5 for SCL and SDA.
5. A temperature sensor (DS18B20) connected to the breadboard, with pins for power, ground, and data.
6. Three relay modules, each with VCC, GND, and IN connected to the Arduino's digital pins 5, 6, and 10, and each with a normally open (NO) and common (COM) connection to the breadboard.
7. Four LEDs, each connected to a resistor, with the other end of each resistor connected to the relay modules or the breadboard for power and ground.
8. Three resistors of 1000 ohms each, used for connecting components to the relay modules and the breadboard.

All components should be properly connected to the breadboard and to each other, with power and ground connections to the Arduino and the breadboard as necessary. The circuit should allow for the Arduino to control the various components, including the LCD display, the relays, and the LEDs, based on input from the PIR motion sensor, the photoresistor sensor, and the temperature sensor.","{
  ""version"": 1,
  ""author"": ""Circuit Designer"",
  ""parts"": [
    { ""type"": ""esp32-devkit-v1"", ""id"": ""esp"", ""top"": 50, ""left"": 100, ""attrs"": {} },
    { ""type"": ""buzzer"", ""id"": ""buzzer"", ""top"": 120, ""left"": 300, ""attrs"": {} },
    { ""type"": ""led"", ""id"": ""led"", ""top"": 200, ""left"": 100, ""attrs"": {} },
    { ""type"": ""resistor"", ""id"": ""resistor"", ""top"": 220, ""left"": 200, ""attrs"": { ""value"": ""1k"" } },
    { ""type"": ""push-button"", ""id"": ""button"", ""top"": 280, ""left"": 300, ""attrs"": {} }
  ],
  ""connections"": [
    [""buzzer:VCC"", ""esp:D21"", ""#FF0000"", []],
    [""buzzer:GND"", ""esp:GND"", ""#0000FF"", []],
    [""led:+"", ""esp:D12"", ""#00FF00"", []],
    [""led:-"", ""resistor:1"", ""#FFFF00"", []],
    [""resistor:2"", ""esp:GND"", ""#FF00FF"", []],
    [""button:1"", ""esp:D13"", ""#00FFFF"", []],
    [""button:2"", ""esp:GND"", ""#FF8000"", []]
  ]
}"
"Create a circuit that includes an ESP32 development board connected to various components. The circuit should have an LCD1602 display module connected to the ESP32 board via I2C pins, with the VCC pin connected to the ESP32's 3V3 pin and the GND pin connected to the ESP32's GND pin. 

The circuit should also include a 50kg load cell connected to the ESP32 board, with the VCC pin connected to the ESP32's 5V pin, the GND pin connected to the ESP32's GND pin, the SCK pin connected to the ESP32's pin 2, and the DT pin connected to the ESP32's pin 15.

Additionally, the circuit should have four green pushbuttons connected to the ESP32 board, with each button connected to a digital pin ( pins 34, 32, 25, and 27) and the other leg of each button connected to the ESP32's GND pin.

The circuit should also include an SSD1306 OLED display module connected to the ESP32 board via I2C pins, with the VCC pin connected to the ESP32's 3V3 pin and the GND pin connected to the ESP32's GND pin.

A membrane keypad should be connected to the ESP32 board, with the rows (R1-R4) connected to digital pins (pins 21, 19, 18, and 5) and the columns (C1-C4) connected to digital pins (pins 17, 16, 4, and 0).

Finally, a buzzer should be connected to the ESP32 board, with one leg connected to digital pin 35 and the other leg connected to the ESP32's GND pin.","{
  ""version"": 1,
  ""author"": ""Shakib"",
  ""parts"": [
    { ""type"": ""esp32-devkit-v1"", ""id"": ""esp"", ""top"": 50, ""left"": 100, ""attrs"": {} },
    { ""type"": ""buzzer"", ""id"": ""buzzer"", ""top"": 150, ""left"": 300, ""attrs"": {} },
    { ""type"": ""led"", ""id"": ""led"", ""top"": 250, ""left"": 100, ""attrs"": {} },
    { ""type"": ""resistor"", ""id"": ""resistor"", ""top"": 200, ""left"": 200, ""attrs"": { ""value"": ""1k"" } },
    { ""type"": ""push-button"", ""id"": ""button"", ""top"": 300, ""left"": 300, ""attrs"": {} }
  ],
  ""connections"": [
    [""buzzer:VCC"", ""esp:D21"", ""#008000"", []],
    [""buzzer:GND"", ""esp:GND"", ""#000000"", []],
    [""led:+"", ""resistor:1"", ""#FF0000"", []],
    [""resistor:2"", ""esp:D22"", ""#FFFF00"", []],
    [""led:-"", ""esp:GND"", ""#0000FF"", []],
    [""button:1"", ""esp:D23"", ""#FF00FF"", []],
    [""button:2"", ""esp:GND"", ""#00FFFF"", []]
  ]
}"
"Create a circuit that includes an Arduino Uno microcontroller connected to a mini breadboard. The circuit should have a 16-pixel LED ring, an SSD1306 OLED display with an I2C address of 0x3C, a photoresistor sensor, and a PIR motion sensor. The LED ring should be powered and controlled by the Arduino Uno, with the SSD1306 OLED display connected to the Arduino via I2C pins A4 and A5. The photoresistor sensor should be connected to analog input A0 on the Arduino, and the PIR motion sensor should be connected to digital pin 2 on the Arduino. The circuit should have the necessary power and ground connections between the components, using a combination of red, green, and black wires. The Arduino Uno should be connected to the breadboard, providing power and control to the various components. The circuit should be designed to allow the Arduino to read data from the sensors and control the LED ring and OLED display accordingly.","{
  ""version"": 1,
  ""author"": ""Shakib"",
  ""parts"": [
    {
      ""type"": ""esp32-devkit-v1"",
      ""id"": ""esp"",
      ""top"": 50,
      ""left"": 100,
      ""attrs"": {}
    },
    {
      ""type"": ""buzzer"",
      ""id"": ""buzzer"",
      ""top"": 150,
      ""left"": 300,
      ""attrs"": {}
    },
    {
      ""type"": ""led"",
      ""id"": ""led"",
      ""top"": 250,
      ""left"": 100,
      ""attrs"": {}
    },
    {
      ""type"": ""resistor"",
      ""id"": ""resistor"",
      ""top"": 200,
      ""left"": 200,
      ""attrs"": {}
    },
    {
      ""type"": ""push-button"",
      ""id"": ""button"",
      ""top"": 300,
      ""left"": 300,
      ""attrs"": {}
    }
  ],
  ""connections"": [
    [""buzzer:VCC"", ""esp:D21"", ""green"", []],
    [""buzzer:GND"", ""esp:GND"", ""black"", []],
    [""led:+"", ""esp:D22"", ""blue"", []],
    [""led:-"", ""resistor:1"", ""red"", []],
    [""resistor:2"", ""esp:GND"", ""purple"", []],
    [""button:1"", ""esp:D23"", ""orange"", []],
    [""button:2"", ""esp:GND"", ""brown"", []]
  ]
}"
"Create a circuit with an ESP32 development board connected to four LEDs, two green and two red, with each pair of LEDs connected in parallel. The LEDs are connected to the board through two 1kΩ resistors. The circuit also includes a servo motor connected to the board's digital pin 12 and powered by the board's 5V supply. The servo motor's ground pin is connected to the board's ground. The circuit should be configured to allow serial communication between the board and a serial monitor.","{
  ""version"": 1,
  ""author"": ""Shakib"",
  ""parts"": [
    { ""type"": ""esp32-devkit-v1"", ""id"": ""esp"", ""top"": 50, ""left"": 100, ""attrs"": {} },
    { ""type"": ""buzzer"", ""id"": ""buzzer"", ""top"": 150, ""left"": 300, ""attrs"": {} },
    { ""type"": ""led"", ""id"": ""led"", ""top"": 250, ""left"": 100, ""attrs"": {} },
    { ""type"": ""resistor"", ""id"": ""resistor"", ""top"": 200, ""left"": 200, ""attrs"": { ""value"": ""1k"" } },
    { ""type"": ""push-button"", ""id"": ""button"", ""top"": 300, ""left"": 300, ""attrs"": {} }
  ],
  ""connections"": [
    [""buzzer:VCC"", ""esp:D21"", ""#FF0000"", []],
    [""buzzer:GND"", ""esp:GND"", ""#0000FF"", []],
    [""led:+"", ""resistor:1"", ""#00FF00"", []],
    [""resistor:2"", ""esp:D22"", ""#FFFF00"", []],
    [""led:-"", ""esp:GND"", ""#FF00FF"", []],
    [""button:1"", ""esp:D23"", ""#00FFFF"", []],
    [""button:2"", ""esp:GND"", ""#FF8000"", []]
  ]
}"
"Create a circuit with an Arduino Uno connected to a breadboard. The Arduino should be powered by a 5V supply and have its GND pin connected to the breadboard's ground rail. 

The circuit should include a 74HC595 shift register (SR1) connected to the Arduino's digital pins 9-12. The shift register should be connected to 8 LEDs (led1-8) with each LED having a 220-ohm resistor in series. The LEDs should be connected to the shift register's output pins (Q0-Q7). The resistors should be connected between the LEDs and the breadboard's ground rail.

Additionally, the circuit should include an LCD1602 display connected to the Arduino's I2C pins (A4 and A5) and powered by the 5V supply. The display should have its GND pin connected to the Arduino's GND pin.

The circuit should also include three pushbuttons (btn1-4) connected to the Arduino's digital pins 2-4. Each pushbutton should have one terminal connected to the Arduino's digital pin and the other terminal connected to the breadboard's ground rail.

The Arduino should be programmed to control the LEDs, LCD display, and read the state of the pushbuttons. The circuit should be powered by a 5V supply and have all necessary connections made between the components.","{
  ""version"": 1,
  ""author"": ""Circuit Designer"",
  ""parts"": [
    { ""type"": ""esp32-devkit-v1"", ""id"": ""esp"", ""top"": 50, ""left"": 100, ""attrs"": {} },
    { ""type"": ""buzzer"", ""id"": ""buzzer"", ""top"": 150, ""left"": 300, ""attrs"": {} },
    { ""type"": ""led"", ""id"": ""led"", ""top"": 250, ""left"": 100, ""attrs"": {} },
    { ""type"": ""resistor"", ""id"": ""resistor"", ""top"": 200, ""left"": 200, ""attrs"": { ""value"": ""1k"" } },
    { ""type"": ""push-button"", ""id"": ""button"", ""top"": 300, ""left"": 300, ""attrs"": {} }
  ],
  ""connections"": [
    [""buzzer:VCC"", ""esp:D21"", ""#FF0000"", []],
    [""buzzer:GND"", ""esp:GND"", ""#0000FF"", []],
    [""led:+"", ""resistor:1"", ""#00FF00"", []],
    [""resistor:2"", ""esp:D12"", ""#FFFF00"", []],
    [""led:-"", ""esp:GND"", ""#FF00FF"", []],
    [""button:1"", ""esp:D13"", ""#00FFFF"", []],
    [""button:2"", ""esp:GND"", ""#FF8000"", []]
  ]
}"
"Create a circuit consisting of an ESP32 DevKitC V4 microcontroller board, an SSD1306 OLED display, a 10-segment LED bar graph, a slide potentiometer, a 4x4 membrane keypad, and a buzzer. 

The ESP32 board should be connected to the serial monitor. The SSD1306 display should be connected to the ESP32 board with the VCC pin connected to the 3V3 pin, the GND pin connected to the GND pin, the SCL pin connected to pin 22, and the SDA pin connected to pin 21.

The 10-segment LED bar graph should have each segment's anode connected to a separate pin on the ESP32 board (pins 13, 12, 14, 27, 26, 25, 33, 32, 18, and 19), and each segment's cathode connected to the GND pin. 

The slide potentiometer should have its signal pin connected to pin 34 on the ESP32 board, its VCC pin connected to the 5V pin, and its GND pin connected to the GND pin.

The 4x4 membrane keypad should have its row pins connected to pins 15, 2, 0, and 4 on the ESP32 board, and its column pins connected to pins 16, 17, 5, and 35.

The buzzer should have one pin connected to pin 23 on the ESP32 board and the other pin connected to the GND pin.

The circuit should be designed to work with a MicroPython environment and have the capability to communicate with a serial monitor.","{
  ""version"": 1,
  ""author"": ""Shakib"",
  ""parts"": [
    {
      ""type"": ""esp32-devkit-v1"",
      ""id"": ""esp"",
      ""top"": 50,
      ""left"": 100,
      ""attrs"": {}
    },
    {
      ""type"": ""buzzer"",
      ""id"": ""buzzer"",
      ""top"": 150,
      ""left"": 300,
      ""attrs"": {}
    },
    {
      ""type"": ""led"",
      ""id"": ""led"",
      ""top"": 250,
      ""left"": 100,
      ""attrs"": {}
    },
    {
      ""type"": ""resistor"",
      ""id"": ""resistor"",
      ""top"": 200,
      ""left"": 200,
      ""attrs"": {}
    },
    {
      ""type"": ""push-button"",
      ""id"": ""button"",
      ""top"": 300,
      ""left"": 300,
      ""attrs"": {}
    }
  ],
  ""connections"": [
    [""buzzer:VCC"", ""esp:D21"", ""#FF0000"", []],
    [""buzzer:GND"", ""esp:GND"", ""#0000FF"", []],
    [""led:+"", ""esp:D12"", ""#00FF00"", []],
    [""led:-"", ""resistor:1"", ""#FFFF00"", []],
    [""resistor:2"", ""esp:GND"", ""#FF00FF"", []],
    [""button:1"", ""esp:D15"", ""#00FFFF"", []],
    [""button:2"", ""esp:GND"", ""#FF8000"", []]
  ]
}"
"Create a circuit with an ESP32 development board as the central component. The board should be connected to two DHT22 temperature and humidity sensors, one with a temperature reading of 51.6 and humidity of 88.5, and the other with the same temperature but 0 humidity. Each sensor should be connected to a 4.7k ohm resistor. The ESP32 board should also be connected to a red LED through a 1k ohm resistor. The LED should be connected to digital pin 12 on the ESP32, and the other end of the resistors connected to the sensors should be connected to the 3.3V power supply on the ESP32. The sensors should be connected to digital pins 18 and 19 on the ESP32. The circuit should also include connections for serial communication.","{
  ""version"": 1,
  ""author"": ""Shakib"",
  ""parts"": [
    { ""type"": ""esp32-devkit-v1"", ""id"": ""esp"", ""top"": 50, ""left"": 100, ""attrs"": {} },
    { ""type"": ""buzzer"", ""id"": ""buzzer"", ""top"": 150, ""left"": 300, ""attrs"": {} },
    { ""type"": ""led"", ""id"": ""led"", ""top"": 250, ""left"": 100, ""attrs"": {} },
    { ""type"": ""resistor"", ""id"": ""resistor"", ""top"": 200, ""left"": 150, ""attrs"": { ""value"": ""1k"" } },
    { ""type"": ""push-button"", ""id"": ""button"", ""top"": 300, ""left"": 300, ""attrs"": {} }
  ],
  ""connections"": [
    [""buzzer:VCC"", ""esp:D21"", ""green"", []],
    [""buzzer:GND"", ""esp:GND"", ""black"", []],
    [""led:+"", ""resistor:1"", ""red"", []],
    [""resistor:2"", ""esp:D12"", ""blue"", []],
    [""led:-"", ""esp:GND"", ""yellow"", []],
    [""button:1"", ""esp:D13"", ""orange"", []],
    [""button:2"", ""esp:GND"", ""purple"", []]
  ]
}"
Create a circuit with an ESP32 DevKitC V4 microcontroller board connected to two green pushbuttons. The microcontroller should have a serial connection for monitoring. One pushbutton should be connected to pin 25 of the ESP32 and the other to pin 26. Both pushbuttons should be connected to the Ground pin of the ESP32. The pushbuttons should also be connected to each other. The circuit should be designed for a basic interactive setup with serial output.,"{
  ""version"": 1,
  ""author"": ""Shakib"",
  ""parts"": [
    { ""type"": ""esp32-devkit-v1"", ""id"": ""esp"", ""top"": 50, ""left"": 100, ""attrs"": {} },
    { ""type"": ""buzzer"", ""id"": ""buzzer"", ""top"": 150, ""left"": 300, ""attrs"": {} },
    { ""type"": ""led"", ""id"": ""led"", ""top"": 250, ""left"": 100, ""attrs"": {} },
    { ""type"": ""resistor"", ""id"": ""resistor"", ""top"": 200, ""left"": 200, ""attrs"": {} },
    { ""type"": ""push-button"", ""id"": ""button"", ""top"": 300, ""left"": 300, ""attrs"": {} }
  ],
  ""connections"": [
    [""buzzer:VCC"", ""esp:D21"", ""green"", []],
    [""buzzer:GND"", ""esp:GND"", ""black"", []],
    [""led:+"", ""resistor:1"", ""blue"", []],
    [""resistor:2"", ""esp:D12"", ""red"", []],
    [""led:-"", ""esp:GND"", ""yellow"", []],
    [""button:1"", ""esp:D13"", ""orange"", []],
    [""button:2"", ""esp:GND"", ""purple"", []]
  ]
}"
"Create a circuit consisting of an AVR8js microcontroller, connected to a series of LEDs, with a Monaco editor interface for programming, using the Wokwi elements library for simulation, and an Electron framework for the graphical user interface, incorporating panning and zooming functionality, and utilizing custom titlebar and interactive elements.","{
  ""version"": 1,
  ""author"": ""Shakib"",
  ""parts"": [
    { ""type"": ""esp32-devkit-v1"", ""id"": ""esp"", ""top"": 50, ""left"": 100, ""attrs"": {} },
    { ""type"": ""buzzer"", ""id"": ""buzzer"", ""top"": 120, ""left"": 300, ""attrs"": {} },
    { ""type"": ""led"", ""id"": ""led"", ""top"": 200, ""left"": 100, ""attrs"": {} },
    { ""type"": ""resistor"", ""id"": ""resistor"", ""top"": 180, ""left"": 220, ""attrs"": { ""value"": ""1k"" } },
    { ""type"": ""push-button"", ""id"": ""button"", ""top"": 250, ""left"": 300, ""attrs"": {} }
  ],
  ""connections"": [
    [""buzzer:VCC"", ""esp:D21"", ""#008000"", []],
    [""buzzer:GND"", ""esp:GND"", ""#000000"", []],
    [""led:+"", ""resistor:1"", ""#FF0000"", []],
    [""resistor:2"", ""esp:D12"", ""#00FFFF"", []],
    [""led:-"", ""esp:GND"", ""#808080"", []],
    [""button:1"", ""esp:D13"", ""#800080"", []],
    [""button:2"", ""esp:GND"", ""#808000"", []]
  ]
}"
"Create a circuit with a half-sized breadboard and an ESP32 DevKit C V4 board placed 100mm to the right of the breadboard's left edge. The ESP32 board should be connected to a serial monitor. On the breadboard, place three LEDs: a red one at the top, a yellow one 28mm to the left of the red LED, and a lime green one 57mm to the left of the red LED. Connect the anode of the red LED to pin 25 of the ESP32 board through the breadboard, and the cathode to the breadboard's ground. Connect the anode of the yellow LED to pin 26 of the ESP32 board through the breadboard, and the cathode to the breadboard's ground. Connect the anode of the lime green LED to pin 27 of the ESP32 board through the breadboard, and the cathode to the breadboard's ground. Ensure all connections are made with green wires for the signal connections and black wires for the ground connections.","{
  ""version"": 1,
  ""author"": ""Shakib"",
  ""parts"": [
    { ""type"": ""esp32-devkit-v1"", ""id"": ""esp"", ""top"": 50, ""left"": 100, ""attrs"": {} },
    { ""type"": ""buzzer"", ""id"": ""buzzer"", ""top"": 150, ""left"": 300, ""attrs"": {} },
    { ""type"": ""lcd-i2c"", ""id"": ""lcd"", ""top"": 250, ""left"": 100, ""attrs"": {} },
    { ""type"": ""push-button"", ""id"": ""button"", ""top"": 350, ""left"": 300, ""attrs"": {} },
    { ""type"": ""led"", ""id"": ""led"", ""top"": 50, ""left"": 500, ""attrs"": {} },
    { ""type"": ""resistor"", ""id"": ""resistor"", ""top"": 200, ""left"": 500, ""attrs"": { ""value"": ""1k"" } }
  ],
  ""connections"": [
    [""buzzer:VCC"", ""esp:D21"", ""green"", []],
    [""buzzer:GND"", ""esp:GND"", ""black"", []],
    [""lcd:VCC"", ""esp:3V3"", ""blue"", []],
    [""lcd:GND"", ""esp:GND"", ""gray"", []],
    [""lcd:SDA"", ""esp:D22"", ""purple"", []],
    [""lcd:SCL"", ""esp:D19"", ""brown"", []],
    [""button:1"", ""esp:D15"", ""red"", []],
    [""button:2"", ""esp:GND"", ""orange"", []],
    [""led:+"", ""resistor:1"", ""pink"", []],
    [""resistor:2"", ""esp:D18"", ""turquoise"", []],
    [""led:-"", ""esp:GND"", ""silver"", []]
  ]
}"
"Create a circuit with an ESP32 development board as the main microcontroller, connected to five ILI9341 TFT LCD displays and three pushbuttons. The ESP32 board should have fast TLS enabled. Each LCD display should be connected to the ESP32 with the following pins: D/C to pin 19, CS to a unique digital pin (13, 33, 32, 25, 21), RST to pin 18, MOSI to pin 17, and SCK to pin 23. The VCC pin of each LCD should be connected to the 5V pin of the ESP32, and the GND pin of each LCD should be connected to a GND pin of the ESP32. Each pushbutton should be connected to a unique digital pin of the ESP32 (26, 27, 14) and the 5V pin of the ESP32. All connections should be made with wires of the appropriate color (green for signal, red for power, black for ground). The pushbuttons should be colored red. The LCD displays should be flipped horizontally. The circuit should also have a serial monitor connected to the TX and RX pins of the ESP32.","{
  ""version"": 1,
  ""author"": ""Shakib"",
  ""parts"": [
    {
      ""type"": ""esp32-devkit-v1"",
      ""id"": ""esp"",
      ""top"": 50,
      ""left"": 100,
      ""attrs"": {}
    },
    {
      ""type"": ""buzzer"",
      ""id"": ""buzzer"",
      ""top"": 120,
      ""left"": 300,
      ""attrs"": {}
    },
    {
      ""type"": ""led"",
      ""id"": ""led"",
      ""top"": 200,
      ""left"": 100,
      ""attrs"": {}
    },
    {
      ""type"": ""resistor"",
      ""id"": ""resistor"",
      ""top"": 220,
      ""left"": 200,
      ""attrs"": { ""value"": ""1k"" }
    },
    {
      ""type"": ""push-button"",
      ""id"": ""button"",
      ""top"": 250,
      ""left"": 350,
      ""attrs"": {}
    }
  ],
  ""connections"": [
    [""buzzer:VCC"", ""esp:D21"", ""green"", []],
    [""buzzer:GND"", ""esp:GND"", ""black"", []],
    [""led:+"", ""resistor:1"", ""blue"", []],
    [""resistor:2"", ""esp:D12"", ""red"", []],
    [""led:-"", ""esp:GND"", ""yellow"", []],
    [""button:1"", ""esp:D13"", ""purple"", []],
    [""button:2"", ""esp:GND"", ""orange"", []]
  ]
}"
"Create a circuit that consists of an ESP32 DevKitC V4 microcontroller board connected to an HC-SR04 ultrasonic sensor. The ESP32 board should be powered and connected to a serial monitor for communication. The ultrasonic sensor should have its VCC pin connected to the 3V3 pin of the ESP32 board, its GND pin connected to one of the GND pins of the ESP32 board, its TRIG pin connected to digital pin 5 of the ESP32 board, and its ECHO pin connected to digital pin 18 of the ESP32 board. The connections should be made with wires of different colors: red for VCC, black for GND, gold for TRIG, and green for ECHO.","{
  ""version"": 1,
  ""author"": ""Shakib"",
  ""parts"": [
    { ""type"": ""esp32-devkit-v1"", ""id"": ""esp"", ""top"": 50, ""left"": 100, ""attrs"": {} },
    { ""type"": ""buzzer"", ""id"": ""buzzer"", ""top"": 200, ""left"": 300, ""attrs"": {} },
    { ""type"": ""led"", ""id"": ""led"", ""top"": 50, ""left"": 500, ""attrs"": {} },
    { ""type"": ""resistor"", ""id"": ""resistor"", ""top"": 200, ""left"": 500, ""attrs"": { ""value"": ""1k"" } },
    { ""type"": ""push-button"", ""id"": ""button"", ""top"": 350, ""left"": 100, ""attrs"": {} }
  ],
  ""connections"": [
    [""buzzer:VCC"", ""esp:D21"", ""green"", []],
    [""buzzer:GND"", ""esp:GND"", ""black"", []],
    [""led:+"", ""resistor:1"", ""blue"", []],
    [""resistor:2"", ""esp:D12"", ""red"", []],
    [""led:-"", ""esp:GND"", ""yellow"", []],
    [""button:1"", ""esp:D15"", ""orange"", []],
    [""button:2"", ""esp:GND"", ""purple"", []]
  ]
}"
"Create a circuit with an ESP32-S3 DevKitC-1 board as the microcontroller. The circuit should have three LEDs of different colors: red, green, and yellow. Each LED should be connected to a 1kΩ resistor. The red LED should be connected to pin 40 of the ESP32 board, the green LED to pin 2, and the yellow LED to pin 9. 

The circuit should also include a pushbutton connected to pin 18 of the ESP32 board and a 1kΩ resistor connected to ground. 

Additionally, a photoresistor sensor should be connected to the circuit, with its VCC pin connected to the 5V pin of the ESP32 board and its GND pin connected to ground. The DO pin of the photoresistor sensor should be connected to pin 4 of the ESP32 board.

The circuit should be designed to allow for serial communication between the ESP32 board and a serial monitor. Ensure all connections are made correctly, with appropriate wire colors used for each connection.","{
  ""version"": 1,
  ""author"": ""Shakib"",
  ""parts"": [
    { ""type"": ""esp32-devkit-v1"", ""id"": ""esp"", ""top"": 50, ""left"": 100, ""attrs"": {} },
    { ""type"": ""buzzer"", ""id"": ""buzzer"", ""top"": 150, ""left"": 300, ""attrs"": {} },
    { ""type"": ""led"", ""id"": ""led"", ""top"": 250, ""left"": 100, ""attrs"": {} },
    { ""type"": ""resistor"", ""id"": ""resistor"", ""top"": 250, ""left"": 200, ""attrs"": { ""value"": ""1k"" } },
    { ""type"": ""push-button"", ""id"": ""button"", ""top"": 350, ""left"": 100, ""attrs"": {} }
  ],
  ""connections"": [
    [""buzzer:VCC"", ""esp:D21"", ""green"", []],
    [""buzzer:GND"", ""esp:GND"", ""black"", []],
    [""led:+"", ""resistor:1"", ""blue"", []],
    [""resistor:2"", ""esp:D12"", ""red"", []],
    [""led:-"", ""esp:GND"", ""yellow"", []],
    [""button:1"", ""esp:D13"", ""orange"", []],
    [""button:2"", ""esp:GND"", ""purple"", []]
  ]
}"
"Create a circuit with an Arduino Uno connected to a breadboard, featuring several components: a DHT22 temperature and humidity sensor, a stepper motor driven by an A4988 driver, an LCD 2004 display, a slide potentiometer, an MPU6050 inertial measurement unit, three LEDs (red, orange, and green) each connected to a 220-ohm resistor, a 7-segment display, and a servo motor. The circuit also includes a MAX7219 matrix display and various text labels for ""Wind Speed"", ""Sea state"", ""Cooling"", ""Heating"", and ""Inside Temp."". Ensure all connections are made correctly, including power, ground, and signal lines, to facilitate communication between the Arduino and the various components.","{
  ""version"": 1,
  ""author"": ""Circuit Designer"",
  ""parts"": [
    {
      ""type"": ""esp32-devkit-v1"",
      ""id"": ""esp"",
      ""top"": 50,
      ""left"": 100,
      ""attrs"": {}
    },
    {
      ""type"": ""buzzer"",
      ""id"": ""buzzer"",
      ""top"": 150,
      ""left"": 300,
      ""attrs"": {}
    },
    {
      ""type"": ""led"",
      ""id"": ""led"",
      ""top"": 250,
      ""left"": 100,
      ""attrs"": {}
    },
    {
      ""type"": ""resistor"",
      ""id"": ""resistor"",
      ""top"": 250,
      ""left"": 200,
      ""attrs"": {
        ""value"": ""1k""
      }
    },
    {
      ""type"": ""push-button"",
      ""id"": ""button"",
      ""top"": 350,
      ""left"": 100,
      ""attrs"": {}
    }
  ],
  ""connections"": [
    [""buzzer:VCC"", ""esp:D21"", ""#FF0000"", []],
    [""buzzer:GND"", ""esp:GND"", ""#0000FF"", []],
    [""led:+"", ""resistor:1"", ""#00FF00"", []],
    [""resistor:2"", ""esp:D12"", ""#FFFF00"", []],
    [""led:-"", ""esp:GND"", ""#FF00FF"", []],
    [""button:1"", ""esp:D13"", ""#00FFFF"", []],
    [""button:2"", ""esp:GND"", ""#FF8000"", []]
  ]
}"
"Create a circuit with an ESP32 DevKit C V4 microcontroller connected to two A4988 stepper motor drivers. Each driver should be connected to a separate stepper motor, with one motor displaying its angle. The circuit should include power and ground connections, with the microcontroller's 3V3 pin connected to the VDD pin of both drivers. The ESP32 should have its TX and RX pins connected to a serial monitor. The first driver should have its DIR and STEP pins connected to the ESP32's pins 18 and 19, respectively, and its ENABLE pin connected to the ESP32's pin 23. The second driver should have its DIR and STEP pins connected to the ESP32's pins 16 and 17, respectively, and its ENABLE pin connected to the ESP32's pin 23. Both drivers should have their SLEEP and RESET pins connected together. The circuit should have separate VCC and GND connections for each driver and motor.","{
  ""version"": 1,
  ""author"": ""Shakib"",
  ""parts"": [
    { ""type"": ""esp32-devkit-v1"", ""id"": ""esp"", ""top"": 50, ""left"": 100, ""attrs"": {} },
    { ""type"": ""buzzer"", ""id"": ""buzzer"", ""top"": 120, ""left"": 300, ""attrs"": {} },
    { ""type"": ""led"", ""id"": ""led"", ""top"": 200, ""left"": 100, ""attrs"": {} },
    { ""type"": ""resistor"", ""id"": ""resistor"", ""top"": 220, ""left"": 200, ""attrs"": { ""value"": ""1k"" } },
    { ""type"": ""push-button"", ""id"": ""button"", ""top"": 250, ""left"": 350, ""attrs"": {} }
  ],
  ""connections"": [
    [""buzzer:VCC"", ""esp:D21"", ""green"", []],
    [""buzzer:GND"", ""esp:GND"", ""black"", []],
    [""led:+"", ""resistor:1"", ""blue"", []],
    [""resistor:2"", ""esp:D12"", ""red"", []],
    [""led:-"", ""esp:GND"", ""yellow"", []],
    [""button:1"", ""esp:D13"", ""orange"", []],
    [""button:2"", ""esp:GND"", ""purple"", []]
  ]
}"
"Create a circuit with an ESP32 DevKit C V4 microcontroller connected to an SSD1306 OLED display via I2C. The OLED display should have an I2C address of 0x3C. 

The circuit should include four LEDs: one red, one green, and two orange. The red LED should be connected to the ESP32's pin 25 through a 220-ohm resistor. The green LED should be connected to the ESP32's pin 32 through a 220-ohm resistor. One orange LED should be connected to the ESP32's pin 26, and the other orange LED should be connected to the ESP32's pin 33, both through the same 220-ohm resistors as the red and green LEDs.

The circuit should also include two pushbuttons: one red and one green. The red pushbutton should be connected to the ESP32's pin 12, and the green pushbutton should be connected to the ESP32's pin 13, both through a 10k-ohm resistor.

Additionally, the circuit should include an IR receiver connected to the ESP32's pin 34, and an IR remote. 

All components should be connected to the ESP32's power and ground pins as necessary. The circuit should be designed to allow for serial communication with a serial monitor.","{
  ""version"": 1,
  ""author"": ""Circuit Designer"",
  ""parts"": [
    { ""type"": ""esp32-devkit-v1"", ""id"": ""esp"", ""top"": 50, ""left"": 100, ""attrs"": {} },
    { ""type"": ""buzzer"", ""id"": ""buzzer"", ""top"": 150, ""left"": 300, ""attrs"": {} },
    { ""type"": ""lcd-i2c"", ""id"": ""lcd"", ""top"": 250, ""left"": 100, ""attrs"": {} },
    { ""type"": ""push-button"", ""id"": ""button"", ""top"": 350, ""left"": 300, ""attrs"": {} }
  ],
  ""connections"": [
    [""buzzer:VCC"", ""esp:D21"", ""#FF0000"", []],
    [""buzzer:GND"", ""esp:GND"", ""#0000FF"", []],
    [""lcd:VCC"", ""esp:3V3"", ""#00FF00"", []],
    [""lcd:GND"", ""esp:GND"", ""#FFFF00"", []],
    [""lcd:SDA"", ""esp:D22"", ""#FF00FF"", []],
    [""lcd:SCL"", ""esp:D19"", ""#00FFFF"", []],
    [""button:1"", ""esp:D15"", ""#FF8000"", []],
    [""button:2"", ""esp:GND"", ""#8000FF"", []]
  ]
}"
"Create a circuit with an ESP32 DevKit C V4 board as the main microcontroller. The board should be connected to a serial monitor for communication. 

The circuit should include three LEDs, each representing a different status: red for ""closed"", orange for ""run"", and green for ""open"". These LEDs should be connected to the ESP32 board through a 100-ohm resistor.

Add two slide switches, one labeled ""sw_open"" and the other labeled ""sw_close"", both connected to the ESP32 board and to ground. The ""sw_close"" switch should have a default value of 1.

Include two pushbuttons, one labeled ""control"" with a green color and the other labeled ""reset"" with a red color. Both pushbuttons should be connected to the ESP32 board, with the ""reset"" button also connected to ground.

Add a membrane keypad with 3 columns and keys labeled 1-9, *, 0, and A. The keypad should be connected to the ESP32 board.

The circuit should have various text labels, including ""sw-open"" and ""sw-closed"", to provide visual indication of the switch states.

All connections should be made using black, red, orange, white, lime green, and gray wires, with specific routing to match the described layout.","{
  ""version"": 1,
  ""author"": ""Circuit Designer"",
  ""parts"": [
    {
      ""type"": ""esp32-devkit-v1"",
      ""id"": ""esp"",
      ""top"": 50,
      ""left"": 100,
      ""attrs"": {}
    },
    {
      ""type"": ""buzzer"",
      ""id"": ""buzzer"",
      ""top"": 120,
      ""left"": 300,
      ""attrs"": {}
    },
    {
      ""type"": ""led"",
      ""id"": ""led"",
      ""top"": 200,
      ""left"": 100,
      ""attrs"": {}
    },
    {
      ""type"": ""resistor"",
      ""id"": ""resistor"",
      ""top"": 220,
      ""left"": 200,
      ""attrs"": { ""value"": ""1k"" }
    },
    {
      ""type"": ""push-button"",
      ""id"": ""button"",
      ""top"": 150,
      ""left"": 500,
      ""attrs"": {}
    }
  ],
  ""connections"": [
    [""buzzer:VCC"", ""esp:D21"", ""#FF0000"", []],
    [""buzzer:GND"", ""esp:GND"", ""#0000FF"", []],
    [""led:+"", ""resistor:1"", ""#00FF00"", []],
    [""resistor:2"", ""esp:D12"", ""#FFFF00"", []],
    [""led:-"", ""esp:GND"", ""#FF00FF"", []],
    [""button:1"", ""esp:D13"", ""#00FFFF"", []],
    [""button:2"", ""esp:GND"", ""#FF8000"", []]
  ]
}"
"Create a circuit with an ESP32 DevKit C V4 board as the main component. The board should be connected to a serial monitor for communication. Add two green pushbuttons, btn1 and btn2, to the circuit. Each button should be connected to the ESP32 board, with btn1 connected to pin 23 and btn2 connected to pin 22. Include two 1kΩ resistors, r1 and r2, in the circuit, both connected to the respective pushbuttons and rotated 90 degrees. The resistors should also be connected to each other and to the ground pin of the ESP32 board. The pushbuttons should be connected to the 3V3 power supply of the ESP32 board through a red wire. The circuit should allow for serial communication between the ESP32 board and the serial monitor.","{
  ""version"": 1,
  ""author"": ""Circuit Designer"",
  ""parts"": [
    {
      ""type"": ""esp32-devkit-v1"",
      ""id"": ""esp"",
      ""top"": 50,
      ""left"": 100,
      ""attrs"": {}
    },
    {
      ""type"": ""buzzer"",
      ""id"": ""buzzer"",
      ""top"": 120,
      ""left"": 300,
      ""attrs"": {}
    },
    {
      ""type"": ""lcd-i2c"",
      ""id"": ""lcd"",
      ""top"": 250,
      ""left"": 100,
      ""attrs"": {}
    },
    {
      ""type"": ""hc-sr04"",
      ""id"": ""hc-sr04"",
      ""top"": 50,
      ""left"": 500,
      ""attrs"": {}
    },
    {
      ""type"": ""led"",
      ""id"": ""led"",
      ""top"": 200,
      ""left"": 500,
      ""attrs"": {}
    }
  ],
  ""connections"": [
    [""buzzer:VCC"", ""esp:D21"", ""#FF0000"", []],
    [""buzzer:GND"", ""esp:GND"", ""#0000FF"", []],
    [""lcd:VCC"", ""esp:3V3"", ""#00FF00"", []],
    [""lcd:GND"", ""esp:GND"", ""#FFFF00"", []],
    [""lcd:SDA"", ""esp:D22"", ""#FF00FF"", []],
    [""lcd:SCL"", ""esp:D19"", ""#00FFFF"", []],
    [""hc-sr04:VCC"", ""esp:3V3"", ""#FF8000"", []],
    [""hc-sr04:GND"", ""esp:GND"", ""#8000FF"", []],
    [""hc-sr04:TRIG"", ""esp:D18"", ""#800000"", []],
    [""hc-sr04:ECHO"", ""esp:D5"", ""#008000"", []],
    [""led:+"", ""esp:D23"", ""#000080"", []],
    [""led:-"", ""esp:GND"", ""#808000"", []]
  ]
}"
Create a circuit with an ESP32 DevKit C V4 microcontroller board connected to a red LED and a green pushbutton. The LED should be connected to GPIO pin 2 of the ESP32 board and grounded to the board's GND pin. The pushbutton should be connected to GPIO pin 4 of the ESP32 board and also grounded to the board's GND pin. The ESP32 board should also be connected to a serial monitor for debugging purposes. The pushbutton should have an x-ray view enabled. The circuit should be designed to allow the ESP32 board to control the LED based on the state of the pushbutton.,"{
  ""version"": 1,
  ""author"": ""Shakib"",
  ""parts"": [
    { ""type"": ""esp32-devkit-v1"", ""id"": ""esp"", ""top"": 50, ""left"": 100, ""attrs"": {} },
    { ""type"": ""buzzer"", ""id"": ""buzzer"", ""top"": 150, ""left"": 300, ""attrs"": {} },
    { ""type"": ""led"", ""id"": ""led"", ""top"": 250, ""left"": 100, ""attrs"": {} },
    { ""type"": ""resistor"", ""id"": ""resistor"", ""top"": 200, ""left"": 200, ""attrs"": { ""value"": ""1k"" } },
    { ""type"": ""push-button"", ""id"": ""button"", ""top"": 300, ""left"": 300, ""attrs"": {} }
  ],
  ""connections"": [
    [""buzzer:VCC"", ""esp:D21"", ""#008000"", []],
    [""buzzer:GND"", ""esp:GND"", ""#000000"", []],
    [""led:+"", ""resistor:1"", ""#FF0000"", []],
    [""resistor:2"", ""esp:D22"", ""#FFFF00"", []],
    [""led:-"", ""esp:GND"", ""#008000"", []],
    [""button:1"", ""esp:D23"", ""#0000FF"", []],
    [""button:2"", ""esp:GND"", ""#FF00FF"", []]
  ]
}"
"Create a circuit with an ESP32 DevKit C V4 microcontroller board, set to have a 16MB flash size. The board should be connected to an SSD1306 OLED display with an I2C address of 0x3C, where the display's VCC pin is connected to the board's 5V pin and the display's GND pin is connected to the board's GND pin. The display's SCL pin should be connected to the board's pin 21 and the display's SDA pin should be connected to the board's pin 19. Additionally, two resistors should be connected to the board, one with a value of 0 ohms between the board's 3V3 pin and pin 21, and the other also with a value of 0 ohms between the board's 3V3 pin and pin 19. The circuit should also have a serial monitor connection to the board's TX and RX pins.","{
  ""version"": 1,
  ""author"": ""Circuit Designer"",
  ""parts"": [
    { ""type"": ""esp32-devkit-v1"", ""id"": ""esp"", ""top"": 50, ""left"": 100, ""attrs"": {} },
    { ""type"": ""buzzer"", ""id"": ""buzzer"", ""top"": 120, ""left"": 300, ""attrs"": {} },
    { ""type"": ""led"", ""id"": ""led"", ""top"": 200, ""left"": 100, ""attrs"": {} },
    { ""type"": ""resistor"", ""id"": ""resistor"", ""top"": 220, ""left"": 200, ""attrs"": { ""value"": ""1k"" } },
    { ""type"": ""push-button"", ""id"": ""button"", ""top"": 250, ""left"": 400, ""attrs"": {} }
  ],
  ""connections"": [
    [""buzzer:VCC"", ""esp:D21"", ""green"", []],
    [""buzzer:GND"", ""esp:GND"", ""black"", []],
    [""led:+"", ""resistor:1"", ""blue"", []],
    [""resistor:2"", ""esp:D12"", ""red"", []],
    [""led:-"", ""esp:GND"", ""yellow"", []],
    [""button:1"", ""esp:D13"", ""orange"", []],
    [""button:2"", ""esp:GND"", ""purple"", []]
  ]
}"
"Create a digital circuit consisting of 29 D-type flip-flops, 58 two-input AND gates, and 1 NOT gate. The flip-flops should be connected in a chain, with each flip-flop's clock input connected to the previous flip-flop's clock input, and the first flip-flop's clock input connected to the output of one of the AND gates. The AND gates should be connected in pairs, with each pair's inputs connected to the outputs of two adjacent flip-flops, and the output of each pair connected to the D input of the next flip-flop in the chain. The NOT gate should be connected to the input of one of the AND gates, and its output should be connected to the other input of that AND gate. The circuit should also include additional connections between the outputs of the AND gates and the D inputs of the flip-flops, as well as between the outputs of the flip-flops and the inputs of the AND gates, to form a complex digital circuit with multiple feedback loops and signal paths.","{
  ""version"": 1,
  ""author"": ""Shakib"",
  ""parts"": [
    { ""type"": ""esp32-devkit-v1"", ""id"": ""esp"", ""top"": 50, ""left"": 100, ""attrs"": {} },
    { ""type"": ""buzzer"", ""id"": ""buzzer"", ""top"": 150, ""left"": 300, ""attrs"": {} },
    { ""type"": ""led"", ""id"": ""led"", ""top"": 250, ""left"": 100, ""attrs"": {} },
    { ""type"": ""resistor"", ""id"": ""resistor"", ""top"": 200, ""left"": 150, ""attrs"": { ""value"": ""1k"" } },
    { ""type"": ""push-button"", ""id"": ""button"", ""top"": 300, ""left"": 300, ""attrs"": {} }
  ],
  ""connections"": [
    [""buzzer:VCC"", ""esp:D21"", ""green"", []],
    [""buzzer:GND"", ""esp:GND"", ""black"", []],
    [""led:+"", ""resistor:1"", ""blue"", []],
    [""resistor:2"", ""esp:D22"", ""red"", []],
    [""led:-"", ""esp:GND"", ""yellow"", []],
    [""button:1"", ""esp:D23"", ""purple"", []],
    [""button:2"", ""esp:GND"", ""orange"", []]
  ]
}"
"Create a circuit with an ESP32 DevKit C V4 microcontroller connected to an SSD1306 OLED display, three pushbuttons, and a buzzer. The ESP32 should be connected to the OLED display via I2C, with the SCL pin connected to pin 22 and the SDA pin connected to pin 23. The OLED display should be powered by the ESP32's 3V3 pin. 

The three pushbuttons should be connected to the ESP32's digital pins: one pushbutton to pin 14, another to pin 27, and the third to pin 26, with each pushbutton also connected to the ESP32's GND pin. An additional pushbutton should be connected to pin 25 and GND.

The buzzer should be connected to the ESP32's digital pin 19 and GND, with the other terminal connected to the ESP32's GND pin. The circuit should have serial communication capabilities. The OLED display's address should be set to 0x3C. The buzzer's volume should be set to a low level. The pushbuttons should be black.","{
  ""version"": 1,
  ""author"": ""Circuit Designer"",
  ""parts"": [
    { ""type"": ""esp32-devkit-v1"", ""id"": ""esp"", ""top"": 50, ""left"": 100, ""attrs"": {} },
    { ""type"": ""buzzer"", ""id"": ""buzzer"", ""top"": 150, ""left"": 300, ""attrs"": {} },
    { ""type"": ""led"", ""id"": ""led"", ""top"": 250, ""left"": 100, ""attrs"": {} },
    { ""type"": ""resistor"", ""id"": ""resistor"", ""top"": 200, ""left"": 200, ""attrs"": { ""value"": ""1k"" } },
    { ""type"": ""push-button"", ""id"": ""button"", ""top"": 300, ""left"": 300, ""attrs"": {} }
  ],
  ""connections"": [
    [""buzzer:VCC"", ""esp:D21"", ""green"", []],
    [""buzzer:GND"", ""esp:GND"", ""black"", []],
    [""led:+"", ""resistor:1"", ""blue"", []],
    [""resistor:2"", ""esp:D12"", ""red"", []],
    [""led:-"", ""esp:GND"", ""yellow"", []],
    [""button:1"", ""esp:D13"", ""purple"", []],
    [""button:2"", ""esp:GND"", ""orange"", []]
  ]
}"
"Create a circuit consisting of an ESP32-S3 development board connected to three LEDs of different colors: red, green, and yellow. The LEDs are connected to the board through 1kΩ resistors. A pushbutton is connected to the board and also to another 1kΩ resistor, which is connected to the ground pin of the board. A photoresistor sensor is connected to the board, with one terminal connected to the ground pin and the other terminal connected to an analog input pin. The circuit should have connections to allow for serial communication and power supply. The components should be arranged in a way that allows for a functional and visually organized layout, with wires and connections made to match the described configuration.","{
  ""version"": 1,
  ""author"": ""Shakib"",
  ""parts"": [
    {
      ""type"": ""esp32-devkit-v1"",
      ""id"": ""esp"",
      ""top"": 50,
      ""left"": 100,
      ""attrs"": {}
    },
    {
      ""type"": ""buzzer"",
      ""id"": ""buzzer"",
      ""top"": 150,
      ""left"": 300,
      ""attrs"": {}
    },
    {
      ""type"": ""led"",
      ""id"": ""led"",
      ""top"": 250,
      ""left"": 100,
      ""attrs"": {}
    },
    {
      ""type"": ""resistor"",
      ""id"": ""resistor"",
      ""top"": 250,
      ""left"": 200,
      ""attrs"": {}
    },
    {
      ""type"": ""push-button"",
      ""id"": ""button"",
      ""top"": 50,
      ""left"": 500,
      ""attrs"": {}
    }
  ],
  ""connections"": [
    [""buzzer:VCC"", ""esp:D21"", ""green"", []],
    [""buzzer:GND"", ""esp:GND"", ""black"", []],
    [""led:+"", ""resistor:2"", ""blue"", []],
    [""resistor:1"", ""esp:D22"", ""red"", []],
    [""led:-"", ""esp:GND"", ""yellow"", []],
    [""button:1"", ""esp:D23"", ""orange"", []],
    [""button:2"", ""esp:GND"", ""purple"", []]
  ]
}"
"Create a circuit with an ESP32 DevKit C V4 board as the main microcontroller, connected to two red LEDs. The LEDs should be connected to digital pins 2 and 4 of the ESP32 board, respectively, with their anodes connected to the pins and their cathodes connected to the ground pin of the ESP32 board. The circuit should also include a serial monitor connection to the ESP32 board, allowing for communication between the board and a terminal. The LEDs should be powered by the ESP32 board and should be able to be controlled independently. The circuit should be designed to work with a Rust-based framework for programming the ESP32 board.","{
  ""version"": 1,
  ""author"": ""Circuit Designer"",
  ""parts"": [
    {
      ""type"": ""esp32-devkit-v1"",
      ""id"": ""esp"",
      ""top"": 100,
      ""left"": 50,
      ""attrs"": {}
    },
    {
      ""type"": ""buzzer"",
      ""id"": ""buzzer"",
      ""top"": 200,
      ""left"": 250,
      ""attrs"": {}
    },
    {
      ""type"": ""led"",
      ""id"": ""led"",
      ""top"": 50,
      ""left"": 400,
      ""attrs"": {}
    },
    {
      ""type"": ""resistor"",
      ""id"": ""resistor"",
      ""top"": 150,
      ""left"": 350,
      ""attrs"": {
        ""value"": ""1k""
      }
    },
    {
      ""type"": ""push-button"",
      ""id"": ""button"",
      ""top"": 250,
      ""left"": 500,
      ""attrs"": {}
    }
  ],
  ""connections"": [
    [""buzzer:VCC"", ""esp:D21"", ""#FF0000"", []],
    [""buzzer:GND"", ""esp:GND"", ""#0000FF"", []],
    [""led:+"", ""resistor:1"", ""#00FF00"", []],
    [""resistor:2"", ""esp:D12"", ""#FFFF00"", []],
    [""led:-"", ""esp:GND"", ""#FF00FF"", []],
    [""button:1"", ""esp:D13"", ""#00FFFF"", []],
    [""button:2"", ""esp:GND"", ""#800000"", []]
  ]
}"
"Create a circuit with an ESP32 development board as the main controller, connected to a PIR motion sensor, a red LED, an SSD1306 OLED display, and a DHT22 temperature and humidity sensor. The PIR motion sensor should be powered by the ESP32's 3V3 pin and have its output connected to the ESP32's digital pin 14. The red LED should have its anode connected to the ESP32's digital pin 13 and its cathode connected to the ESP32's GND pin. The DHT22 sensor should be connected to the ESP32's 3V3, GND, and digital pin 15 for data transmission. The SSD1306 OLED display should be connected to the ESP32's 3V3, GND, SCL, and SDA pins, with the SCL pin connected to the ESP32's digital pin 22 and the SDA pin connected to the ESP32's digital pin 21. The circuit should also have serial communication connections between the ESP32 and a serial monitor. Ensure all connections are made with the appropriate colored wires, including red for power, black for ground, green for data, and yellow for the OLED display's SCL pin.","{
  ""version"": 1,
  ""author"": ""Circuit Designer"",
  ""parts"": [
    {
      ""type"": ""esp32-devkit-v1"",
      ""id"": ""esp"",
      ""top"": 50,
      ""left"": 100,
      ""attrs"": {}
    },
    {
      ""type"": ""buzzer"",
      ""id"": ""buzzer"",
      ""top"": 120,
      ""left"": 300,
      ""attrs"": {}
    },
    {
      ""type"": ""led"",
      ""id"": ""led"",
      ""top"": 200,
      ""left"": 100,
      ""attrs"": {}
    },
    {
      ""type"": ""resistor"",
      ""id"": ""resistor"",
      ""top"": 220,
      ""left"": 200,
      ""attrs"": {
        ""value"": ""1k""
      }
    },
    {
      ""type"": ""push-button"",
      ""id"": ""button"",
      ""top"": 250,
      ""left"": 350,
      ""attrs"": {}
    }
  ],
  ""connections"": [
    [""buzzer:VCC"", ""esp:D21"", ""#FF0000"", []],
    [""buzzer:GND"", ""esp:GND"", ""#0000FF"", []],
    [""led:+"", ""resistor:1"", ""#00FF00"", []],
    [""resistor:2"", ""esp:D12"", ""#FFFF00"", []],
    [""led:-"", ""esp:GND"", ""#FF00FF"", []],
    [""button:1"", ""esp:D13"", ""#00FFFF"", []],
    [""button:2"", ""esp:GND"", ""#FF8000"", []]
  ]
}"
"Create a circuit with an Arduino Uno connected to three LEDs of different colors (red, yellow, and green) and three 1-kilohm resistors. The LEDs should be connected to digital pins 3, 5, and 6 of the Arduino, and the resistors should be connected in series with the LEDs. Additionally, connect two 7-segment displays to the Arduino, with one display connected to analog pins A0-A5 and digital pin 2, and the other display connected to digital pins 4, 7-12. The 7-segment displays should also be connected to a 1-kilohm resistor, which is connected to the 5V power supply of the Arduino. Ensure all connections are made correctly, with the Arduino's GND pin connected to the cathodes of the LEDs and the 7-segment displays' common pins connected to the resistor network.","{
  ""version"": 1,
  ""author"": ""Shakib"",
  ""parts"": [
    {
      ""type"": ""esp32-devkit-v1"",
      ""id"": ""esp"",
      ""top"": 50,
      ""left"": 100,
      ""attrs"": {}
    },
    {
      ""type"": ""buzzer"",
      ""id"": ""buzzer"",
      ""top"": 120,
      ""left"": 300,
      ""attrs"": {}
    },
    {
      ""type"": ""led"",
      ""id"": ""led"",
      ""top"": 200,
      ""left"": 100,
      ""attrs"": {}
    },
    {
      ""type"": ""resistor"",
      ""id"": ""resistor"",
      ""top"": 180,
      ""left"": 220,
      ""attrs"": {}
    },
    {
      ""type"": ""push-button"",
      ""id"": ""button"",
      ""top"": 250,
      ""left"": 300,
      ""attrs"": {}
    }
  ],
  ""connections"": [
    [""buzzer:VCC"", ""esp:D21"", ""#FF0000"", []],
    [""buzzer:GND"", ""esp:GND"", ""#0000FF"", []],
    [""led:+"", ""resistor:1"", ""#00FF00"", []],
    [""resistor:2"", ""esp:D12"", ""#FFFF00"", []],
    [""led:-"", ""esp:GND"", ""#FF00FF"", []],
    [""button:1"", ""esp:D13"", ""#00FFFF"", []],
    [""button:2"", ""esp:GND"", ""#FF00FF"", []]
  ]
}"
"Create a circuit with an Arduino Uno microcontroller connected to three LEDs of different colors: green, yellow, and red. Each LED should have one leg connected to a digital pin on the Arduino (pins 2, 3, and 4 respectively) and the other leg connected to the ground pin on the Arduino. Additionally, include a buzzer with one pin connected to digital pin 5 on the Arduino and the other pin connected to the ground pin on the Arduino. The circuit should also include a photoresistor sensor with the VCC pin connected to the 5V pin on the Arduino, the GND pin connected to the ground pin on the Arduino, and the analog output pin connected to analog pin A0 on the Arduino. The LEDs, buzzer, and photoresistor sensor should be positioned in a way that allows for easy connection and testing of the circuit.","{\n  ""version"": 1,\n  ""author"": ""Shakib"",\n  ""parts"": [\n    {\n      ""type"": ""arduino-uno"",\n      ""id"": ""arduino"",\n      ""top"": 100,\n      ""left"": 250,\n      ""attrs"": {}\n    },\n    {\n      ""type"": ""led"",\n      ""id"": ""green-led"",\n      ""top"": 50,\n      ""left"": 150,\n      ""attrs"": {}\n    },\n    {\n      ""type"": ""led"",\n      ""id"": ""yellow-led"",\n      ""top"": 50,\n      ""left"": 220,\n      ""attrs"": {}\n    },\n    {\n      ""type"": ""led"",\n      ""id"": ""red-led"",\n      ""top"": 50,\n      ""left"": 290,\n      ""attrs"": {}\n    },\n    {\n      ""type"": ""buzzer"",\n      ""id"": ""buzzer"",\n      ""top"": 200,\n      ""left"": 220,\n      ""attrs"": {}\n    },\n    {\n      ""type"": ""photo-resistor"",\n      ""id"": ""photoresistor"",\n      ""top"": 150,\n      ""left"": 400,\n      ""attrs"": {}\n    }\n  ],\n  ""connections"": [\n    [\n      ""green-led:+"",\n      ""arduino:D2"",\n      ""#00FF00"",\n      []\n    ],\n    [\n      ""green-led:-"",\n      ""arduino:GND"",\n      ""black"",\n      []\n    ],\n    [\n      ""yellow-led:+"",\n      ""arduino:D3"",\n      ""#FFFF00"",\n      []\n    ],\n    [\n      ""yellow-led:-"",\n      ""arduino:GND"",\n      ""black"",\n      []\n    ],\n    [\n      ""red-led:+"",\n      ""arduino:D4"",\n      ""#FF0000"",\n      []\n    ],\n    [\n      ""red-led:-"",\n      ""arduino:GND"",\n      ""black"",\n      []\n    ],\n    [\n      ""buzzer:VCC"",\n      ""arduino:D5"",\n      ""#808000"",\n      []\n    ],\n    [\n      ""buzzer:GND"",\n      ""arduino:GND"",\n      ""black"",\n      []\n    ],\n    [\n      ""photoresistor:VCC"",\n      ""arduino:5V"",\n      ""#FFA500"",\n      []\n    ],\n    [\n      ""photoresistor:GND"",\n      ""arduino:GND"",\n      ""black"",\n      []\n    ],\n    [\n      ""photoresistor:A0"",\n      ""arduino:A0"",\n      ""#008000"",\n      []\n    ]\n  ]\n}"
"Create a circuit with an ESP32 DevKit C V4 microcontroller board connected to an SSD1306 OLED display. The ESP32 board should be connected to a serial monitor for communication. The OLED display should be connected to the ESP32 board via I2C, with the SCL pin connected to pin 22 on the ESP32, and the SDA pin connected to pin 21 on the ESP32. The OLED display should also have its VCC pin connected to the 3V3 pin on the ESP32, and its GND pin connected to a GND pin on the ESP32. The circuit should be configured to allow serial communication between the ESP32 and the serial monitor, and to display information on the OLED display using the I2C connection.","{\n  ""version"": 1,\n  ""author"": ""Shakib"",\n  ""parts"": [\n    {\n      ""type"": ""esp32-devkit-v1"",\n      ""id"": ""esp"",\n      ""top"": 50,\n      ""left"": 100,\n      ""attrs"": {}\n    },\n    {\n      ""type"": ""lcd-i2c"",\n      ""id"": ""oled"",\n      ""top"": 50,\n      ""left"": 350,\n      ""attrs"": {}\n    },\n    {\n      ""type"": ""hc05"",\n      ""id"": ""serial-monitor"",\n      ""top"": 250,\n      ""left"": 100,\n      ""attrs"": {}\n    }\n  ],\n  ""connections"": [\n    [\n      ""oled:VCC"",\n      ""esp:3V3"",\n      ""#FF0000"",\n      []\n    ],\n    [\n      ""oled:GND"",\n      ""esp:GND"",\n      ""#0000FF"",\n      []\n    ],\n    [\n      ""oled:SDA"",\n      ""esp:D21"",\n      ""#00FF00"",\n      []\n    ],\n    [\n      ""oled:SCL"",\n      ""esp:D22"",\n      ""#FFFF00"",\n      []\n    ],\n    [\n      ""serial-monitor:RX"",\n      ""esp:TX0"",\n      ""#FF00FF"",\n      []\n    ],\n    [\n      ""serial-monitor:TX"",\n      ""esp:RX0"",\n      ""#00FFFF"",\n      []\n    ],\n    [\n      ""serial-monitor:GND"",\n      ""esp:GND"",\n      ""#808080"",\n      []\n    ],\n    [\n      ""serial-monitor:VCC"",\n      ""esp:3V3"",\n      ""#800000"",\n      []\n    ]\n  ]\n}"
"Create a circuit that includes an ESP32 development board connected to three HC-SR04 ultrasonic sensors and three green LEDs. The ESP32 board should have its TX0 and RX0 pins connected to a serial monitor. Each ultrasonic sensor should have its VCC pin connected to the ESP32's 3V3 pin and its GND pin connected to one of the ESP32's GND pins. The TRIG and ECHO pins of each ultrasonic sensor should be connected to digital pins on the ESP32: ultrasonic sensor 1 to D18 and D5, ultrasonic sensor 2 to D2 and D15, and ultrasonic sensor 3 to D27 and D26. Each LED should have its anode connected to a digital pin on the ESP32 (D13, D12, and D14) and its cathode connected to one of the ESP32's GND pins.","{\n  ""version"": 1,\n  ""author"": ""Shakib"",\n  ""parts"": [\n    {\n      ""type"": ""esp32-devkit-v1"",\n      ""id"": ""esp"",\n      ""top"": 50,\n      ""left"": 100,\n      ""attrs"": {}\n    },\n    {\n      ""type"": ""hc-sr04"",\n      ""id"": ""ultrasonic1"",\n      ""top"": 200,\n      ""left"": 50,\n      ""attrs"": {}\n    },\n    {\n      ""type"": ""hc-sr04"",\n      ""id"": ""ultrasonic2"",\n      ""top"": 200,\n      ""left"": 200,\n      ""attrs"": {}\n    },\n    {\n      ""type"": ""hc-sr04"",\n      ""id"": ""ultrasonic3"",\n      ""top"": 200,\n      ""left"": 350,\n      ""attrs"": {}\n    },\n    {\n      ""type"": ""led"",\n      ""id"": ""led1"",\n      ""top"": 300,\n      ""left"": 50,\n      ""attrs"": {}\n    },\n    {\n      ""type"": ""led"",\n      ""id"": ""led2"",\n      ""top"": 300,\n      ""left"": 200,\n      ""attrs"": {}\n    },\n    {\n      ""type"": ""led"",\n      ""id"": ""led3"",\n      ""top"": 300,\n      ""left"": 350,\n      ""attrs"": {}\n    },\n    {\n      ""type"": ""serial-monitor"",\n      ""id"": ""serial-monitor"",\n      ""top"": 50,\n      ""left"": 400,\n      ""attrs"": {}\n    }\n  ],\n  ""connections"": [\n    [\n      ""ultrasonic1:VCC"",\n      ""esp:3V3"",\n      ""#008000"",\n      []\n    ],\n    [\n      ""ultrasonic1:GND"",\n      ""esp:GND"",\n      ""#000000"",\n      []\n    ],\n    [\n      ""ultrasonic1:TRIG"",\n      ""esp:D18"",\n      ""#FFA500"",\n      []\n    ],\n    [\n      ""ultrasonic1:ECHO"",\n      ""esp:D5"",\n      ""#800080"",\n      []\n    ],\n    [\n      ""ultrasonic2:VCC"",\n      ""esp:3V3"",\n      ""#008000"",\n      []\n    ],\n    [\n      ""ultrasonic2:GND"",\n      ""esp:GND"",\n      ""#000000"",\n      []\n    ],\n    [\n      ""ultrasonic2:TRIG"",\n      ""esp:D2"",\n      ""#FFA500"",\n      []\n    ],\n    [\n      ""ultrasonic2:ECHO"",\n      ""esp:D15"",\n      ""#800080"",\n      []\n    ],\n    [\n      ""ultrasonic3:VCC"",\n      ""esp:3V3"",\n      ""#008000"",\n      []\n    ],\n    [\n      ""ultrasonic3:GND"",\n      ""esp:GND"",\n      ""#000000"",\n      []\n    ],\n    [\n      ""ultrasonic3:TRIG"",\n      ""esp:D27"",\n      ""#FFA500"",\n      []\n    ],\n    [\n      ""ultrasonic3:ECHO"",\n      ""esp:D26"",\n      ""#800080"",\n      []\n    ],\n    [\n      ""led1:+"",\n      ""esp:D13"",\n      ""#FF0000"",\n      []\n    ],\n    [\n      ""led1:-"",\n      ""esp:GND"",\n      ""#000000"",\n      []\n    ],\n    [\n      ""led2:+"",\n      ""esp:D12"",\n      ""#FF0000"",\n      []\n    ],\n    [\n      ""led2:-"",\n      ""esp:GND"",\n      ""#000000"",\n      []\n    ],\n    [\n      ""led3:+"",\n      ""esp:D14"",\n      ""#FF0000"",\n      []\n    ],\n    [\n      ""led3:-"",\n      ""esp:GND"",\n      ""#000000"",\n      []\n    ],\n    [\n      ""serial-monitor:RX"",\n      ""esp:TX0"",\n      ""#0000FF"",\n      []\n    ],\n    [\n      ""serial-monitor:TX"",\n      ""esp:RX0"",\n      ""#FFFF00"",\n      []\n    ]\n  ]\n}"
"Create a circuit consisting of an ESP32 development board connected to an RGB LED, three 1kohm resistors, an SSD1306 OLED display, and a buzzer. The RGB LED should have its common cathode connected to the ESP32's ground, and its red, green, and blue pins connected to the ESP32's digital pins D27, D26, and D25 respectively, through the 1kohm resistors. The OLED display should be connected to the ESP32's 3V3 pin for power, ground, and its SDA and SCL pins connected to the ESP32's digital pins D21 and D22. The buzzer should be connected to the ESP32's digital pin D13 and ground. The circuit should also include a serial monitor connection for communication. Additionally, include a text label with a custom message. Ensure all connections are made with the appropriate wire colors.","{\n  ""version"": 1,\n  ""author"": ""Shakib"",\n  ""parts"": [\n    {\n      ""type"": ""esp32-devkit-v1"",\n      ""id"": ""esp"",\n      ""top"": 50,\n      ""left"": 200,\n      ""attrs"": {}\n    },\n    {\n      ""type"": ""led"",\n      ""id"": ""rgb-red"",\n      ""top"": 120,\n      ""left"": 100,\n      ""attrs"": {},\n      ""rotate"": 90\n    },\n    {\n      ""type"": ""resistor"",\n      ""id"": ""r1"",\n      ""top"": 100,\n      ""left"": 150,\n      ""attrs"": {\n        ""value"": ""1k""\n      }\n    },\n    {\n      ""type"": ""led"",\n      ""id"": ""rgb-green"",\n      ""top"": 120,\n      ""left"": 200,\n      ""attrs"": {},\n      ""rotate"": 90\n    },\n    {\n      ""type"": ""resistor"",\n      ""id"": ""r2"",\n      ""top"": 100,\n      ""left"": 250,\n      ""attrs"": {\n        ""value"": ""1k""\n      }\n    },\n    {\n      ""type"": ""led"",\n      ""id"": ""rgb-blue"",\n      ""top"": 120,\n      ""left"": 300,\n      ""attrs"": {},\n      ""rotate"": 90\n    },\n    {\n      ""type"": ""resistor"",\n      ""id"": ""r3"",\n      ""top"": 100,\n      ""left"": 350,\n      ""attrs"": {\n        ""value"": ""1k""\n      }\n    },\n    {\n      ""type"": ""lcd-i2c"",\n      ""id"": ""oled"",\n      ""top"": 250,\n      ""left"": 200,\n      ""attrs"": {}\n    },\n    {\n      ""type"": ""buzzer"",\n      ""id"": ""buzzer"",\n      ""top"": 180,\n      ""left"": 400,\n      ""attrs"": {}\n    }\n  ],\n  ""connections"": [\n    [\n      ""rgb-red:-"",\n      ""esp:GND"",\n      ""black"",\n      []\n    ],\n    [\n      ""r1:1"",\n      ""esp:D27"",\n      ""red"",\n      []\n    ],\n    [\n      ""r1:2"",\n      ""rgb-red:+"",\n      ""orange"",\n      []\n    ],\n    [\n      ""rgb-green:-"",\n      ""esp:GND"",\n      ""black"",\n      []\n    ],\n    [\n      ""r2:1"",\n      ""esp:D26"",\n      ""yellow"",\n      []\n    ],\n    [\n      ""r2:2"",\n      ""rgb-green:+"",\n      ""lightgreen"",\n      []\n    ],\n    [\n      ""rgb-blue:-"",\n      ""esp:GND"",\n      ""black"",\n      []\n    ],\n    [\n      ""r3:1"",\n      ""esp:D25"",\n      ""blue"",\n      []\n    ],\n    [\n      ""r3:2"",\n      ""rgb-blue:+"",\n      ""violet"",\n      []\n    ],\n    [\n      ""oled:VCC"",\n      ""esp:3V3"",\n      ""green"",\n      []\n    ],\n    [\n      ""oled:GND"",\n      ""esp:GND"",\n      ""black"",\n      []\n    ],\n    [\n      ""oled:SDA"",\n      ""esp:D21"",\n      ""brown"",\n      []\n    ],\n    [\n      ""oled:SCL"",\n      ""esp:D22"",\n      ""grey"",\n      []\n    ],\n    [\n      ""buzzer:VCC"",\n      ""esp:D13"",\n      ""pink"",\n      []\n    ],\n    [\n      ""buzzer:GND"",\n      ""esp:GND"",\n      ""black"",\n      []\n    ],\n    [\n      ""esp:TX0"",\n      ""esp:RX0"",\n      ""purple"",\n      []\n    ]\n  ]\n}"
"Create a circuit with a single ESP32 DevKitC V4 microcontroller board, connected to a serial monitor. The ESP32 board's transmit (TX) pin should be connected to the serial monitor's receive (RX) pin, and the ESP32 board's receive (RX) pin should be connected to the serial monitor's transmit (TX) pin, allowing for serial communication between the ESP32 and the serial monitor.","{\n  ""version"": 1,\n  ""author"": ""Shakib"",\n  ""parts"": [\n    {\n      ""type"": ""esp32-devkit-v1"",\n      ""id"": ""esp"",\n      ""top"": 100,\n      ""left"": 200,\n      ""attrs"": {}\n    },\n    {\n      ""type"": ""hc05"",\n      ""id"": ""serial-monitor"",\n      ""top"": 100,\n      ""left"": 500,\n      ""attrs"": {}\n    }\n  ],\n  ""connections"": [\n    [\n      ""esp:TX0"",\n      ""serial-monitor:RX"",\n      ""blue"",\n      []\n    ],\n    [\n      ""esp:RX0"",\n      ""serial-monitor:TX"",\n      ""red"",\n      []\n    ]\n  ]\n}"
"Create an electrical circuit consisting of an Arduino Uno microcontroller connected to various components. The circuit should include an LCD 1602 display with an I2C connection, a membrane keypad, a slide switch, a buzzer, an LED ring with 16 pixels, and an RGB LED with a common cathode configuration. The circuit should also include two resistors, one with a value of 1000 ohms and the other with a value of 1500 ohms. Connect the 5V and GND pins of the Arduino to a half-sized breadboard, and use the breadboard to connect the various components to the Arduino. The LCD display should be connected to the Arduino's A4 and A5 pins, and the keypad should be connected to the Arduino's digital pins 6-13. The slide switch should be connected to the Arduino's analog pin 1, and the buzzer should be connected to the Arduino's digital pin 2 through a resistor. The LED ring should be connected to the Arduino's digital pin 5, and the RGB LED should be connected to the Arduino's digital pin 4 through a resistor. The circuit should be powered by the Arduino's 5V pin, and all GND connections should be connected to the Arduino's GND pin.","{\n  ""version"": 1,\n  ""author"": ""Shakib"",\n  ""parts"": [\n    {\n      ""type"": ""arduino-uno"",\n      ""id"": ""arduino"",\n      ""top"": 50,\n      ""left"": 100,\n      ""attrs"": {}\n    },\n    {\n      ""type"": ""lcd-i2c"",\n      ""id"": ""lcd"",\n      ""top"": 150,\n      ""left"": 400,\n      ""attrs"": {}\n    },\n    {\n      ""type"": ""push-button"",\n      ""id"": ""keypad"",\n      ""top"": 250,\n      ""left"": 500,\n      ""attrs"": {}\n    },\n    {\n      ""type"": ""push-button"",\n      ""id"": ""slide-switch"",\n      ""top"": 200,\n      ""left"": 300,\n      ""attrs"": {}\n    },\n    {\n      ""type"": ""buzzer"",\n      ""id"": ""buzzer"",\n      ""top"": 300,\n      ""left"": 200,\n      ""attrs"": {}\n    },\n    {\n      ""type"": ""led"",\n      ""id"": ""led-ring"",\n      ""top"": 350,\n      ""left"": 450,\n      ""attrs"": {}\n    },\n    {\n      ""type"": ""led"",\n      ""id"": ""rgb-led"",\n      ""top"": 250,\n      ""left"": 250,\n      ""attrs"": {}\n    },\n    {\n      ""type"": ""resistor"",\n      ""id"": ""r1"",\n      ""top"": 320,\n      ""left"": 220,\n      ""attrs"": {\n        ""value"": ""1000""\n      }\n    },\n    {\n      ""type"": ""resistor"",\n      ""id"": ""r2"",\n      ""top"": 270,\n      ""left"": 270,\n      ""attrs"": {\n        ""value"": ""1500""\n      }\n    }\n  ],\n  ""connections"": [\n    [\n      ""lcd:GND"",\n      ""arduino:GND"",\n      ""black"",\n      []\n    ],\n    [\n      ""lcd:VCC"",\n      ""arduino:5V"",\n      ""red"",\n      []\n    ],\n    [\n      ""lcd:SDA"",\n      ""arduino:A4"",\n      ""blue"",\n      []\n    ],\n    [\n      ""lcd:SCL"",\n      ""arduino:A5"",\n      ""green"",\n      []\n    ],\n    [\n      ""keypad:1"",\n      ""arduino:D6"",\n      ""yellow"",\n      []\n    ],\n    [\n      ""keypad:2"",\n      ""arduino:D7"",\n      ""orange"",\n      []\n    ],\n    [\n      ""keypad:1"",\n      ""arduino:D8"",\n      ""purple"",\n      []\n    ],\n    [\n      ""keypad:2"",\n      ""arduino:D9"",\n      ""pink"",\n      []\n    ],\n    [\n      ""keypad:1"",\n      ""arduino:D10"",\n      ""brown"",\n      []\n    ],\n    [\n      ""keypad:2"",\n      ""arduino:D11"",\n      ""grey"",\n      []\n    ],\n    [\n      ""keypad:1"",\n      ""arduino:D12"",\n      ""turquoise"",\n      []\n    ],\n    [\n      ""keypad:2"",\n      ""arduino:D13"",\n      ""silver"",\n      []\n    ],\n    [\n      ""slide-switch:1"",\n      ""arduino:A1"",\n      ""violet"",\n      []\n    ],\n    [\n      ""slide-switch:2"",\n      ""arduino:GND"",\n      ""black"",\n      []\n    ],\n    [\n      ""buzzer:GND"",\n      ""r1:1"",\n      ""black"",\n      []\n    ],\n    [\n      ""r1:2"",\n      ""arduino:D2"",\n      ""blue"",\n      []\n    ],\n    [\n      ""buzzer:VCC"",\n      ""arduino:5V"",\n      ""red"",\n      []\n    ],\n    [\n      ""led-ring:-"",\n      ""arduino:D5"",\n      ""green"",\n      []\n    ],\n    [\n      ""led-ring:+"",\n      ""arduino:5V"",\n      ""red"",\n      []\n    ],\n    [\n      ""rgb-led:-"",\n      ""r2:1"",\n      ""black"",\n      []\n    ],\n    [\n      ""r2:2"",\n      ""arduino:D4"",\n      ""yellow"",\n      []\n    ],\n    [\n      ""rgb-led:+"",\n      ""arduino:5V"",\n      ""red"",\n      []\n    ]\n  ]\n}"
"Create a circuit that includes an Arduino Uno microcontroller connected to a breadboard. The circuit should have the following components: 
1. A 1602 LCD display with I2C connection, connected to the Arduino's analog pins 4 and 5.
2. A PIR motion sensor connected to the Arduino's digital pin 9 and to the breadboard for power and ground.
3. A photoresistor sensor (LDR) connected to the breadboard, with one end connected to power and the other end connected to the breadboard.
4. A DS1307 real-time clock connected to the Arduino's analog pins 4 and 5 for SCL and SDA.
5. A temperature sensor (DS18B20) connected to the breadboard, with pins for power, ground, and data.
6. Three relay modules, each with VCC, GND, and IN connected to the Arduino's digital pins 5, 6, and 10, and each with a normally open (NO) and common (COM) connection to the breadboard.
7. Four LEDs, each connected to a resistor, with the other end of each resistor connected to the relay modules or the breadboard for power and ground.
8. Three resistors of 1000 ohms each, used for connecting components to the relay modules and the breadboard.
All components should be properly connected to the breadboard and to each other, with power and ground connections to the Arduino and the breadboard as necessary. The circuit should allow for the Arduino to control the various components, including the LCD display, the relays, and the LEDs, based on input from the PIR motion sensor, the photoresistor sensor, and the temperature sensor.","{\n  ""version"": 1,\n  ""author"": ""Shakib"",\n  ""parts"": [\n    {\n      ""type"": ""arduino-uno"",\n      ""id"": ""arduino"",\n      ""top"": 50,\n      ""left"": 100,\n      ""attrs"": {}\n    },\n    {\n      ""type"": ""lcd-i2c"",\n      ""id"": ""lcd"",\n      ""top"": 50,\n      ""left"": 400,\n      ""attrs"": {}\n    },\n    {\n      ""type"": ""pir-motion"",\n      ""id"": ""pir"",\n      ""top"": 200,\n      ""left"": 100,\n      ""attrs"": {}\n    },\n    {\n      ""type"": ""photo-resistor"",\n      ""id"": ""ldr"",\n      ""top"": 250,\n      ""left"": 100,\n      ""attrs"": {}\n    },\n    {\n      ""type"": ""ds1307"",\n      ""id"": ""rtc"",\n      ""top"": 50,\n      ""left"": 600,\n      ""attrs"": {}\n    },\n    {\n      ""type"": ""dht22"",\n      ""id"": ""temp"",\n      ""top"": 300,\n      ""left"": 100,\n      ""attrs"": {}\n    },\n    {\n      ""type"": ""l298n"",\n      ""id"": ""relay1"",\n      ""top"": 200,\n      ""left"": 500,\n      ""attrs"": {}\n    },\n    {\n      ""type"": ""l298n"",\n      ""id"": ""relay2"",\n      ""top"": 250,\n      ""left"": 500,\n      ""attrs"": {}\n    },\n    {\n      ""type"": ""l298n"",\n      ""id"": ""relay3"",\n      ""top"": 300,\n      ""left"": 500,\n      ""attrs"": {}\n    },\n    {\n      ""type"": ""led"",\n      ""id"": ""led1"",\n      ""top"": 350,\n      ""left"": 100,\n      ""attrs"": {}\n    },\n    {\n      ""type"": ""led"",\n      ""id"": ""led2"",\n      ""top"": 350,\n      ""left"": 200,\n      ""attrs"": {}\n    },\n    {\n      ""type"": ""led"",\n      ""id"": ""led3"",\n      ""top"": 350,\n      ""left"": 300,\n      ""attrs"": {}\n    },\n    {\n      ""type"": ""led"",\n      ""id"": ""led4"",\n      ""top"": 350,\n      ""left"": 400,\n      ""attrs"": {}\n    },\n    {\n      ""type"": ""resistor"",\n      ""id"": ""r1"",\n      ""top"": 320,\n      ""left"": 150,\n      ""attrs"": {\n        ""value"": ""1000""\n      }\n    },\n    {\n      ""type"": ""resistor"",\n      ""id"": ""r2"",\n      ""top"": 320,\n      ""left"": 250,\n      ""attrs"": {\n        ""value"": ""1000""\n      }\n    },\n    {\n      ""type"": ""resistor"",\n      ""id"": ""r3"",\n      ""top"": 320,\n      ""left"": 350,\n      ""attrs"": {\n        ""value"": ""1000""\n      }\n    }\n  ],\n  ""connections"": [\n    [\n      ""lcd:GND"",\n      ""arduino:GND"",\n      ""black"",\n      []\n    ],\n    [\n      ""lcd:VCC"",\n      ""arduino:5V"",\n      ""red"",\n      []\n    ],\n    [\n      ""lcd:SDA"",\n      ""arduino:D4"",\n      ""yellow"",\n      []\n    ],\n    [\n      ""lcd:SCL"",\n      ""arduino:D5"",\n      ""blue"",\n      []\n    ],\n    [\n      ""pir:-"",\n      ""arduino:GND"",\n      ""black"",\n      []\n    ],\n    [\n      ""pir:D"",\n      ""arduino:D9"",\n      ""green"",\n      []\n    ],\n    [\n      ""pir:+"",\n      ""arduino:5V"",\n      ""red"",\n      []\n    ],\n    [\n      ""ldr:A0"",\n      ""arduino:A0"",\n      ""orange"",\n      []\n    ],\n    [\n      ""ldr:VCC"",\n      ""arduino:5V"",\n      ""red"",\n      []\n    ],\n    [\n      ""ldr:GND"",\n      ""arduino:GND"",\n      ""black"",\n      []\n    ],\n    [\n      ""rtc:GND"",\n      ""arduino:GND"",\n      ""black"",\n      []\n    ],\n    [\n      ""rtc:5V"",\n      ""arduino:5V"",\n      ""red"",\n      []\n    ],\n    [\n      ""rtc:SDA"",\n      ""arduino:D4"",\n      ""yellow"",\n      []\n    ],\n    [\n      ""rtc:SCL"",\n      ""arduino:D5"",\n      ""blue"",\n      []\n    ],\n    [\n      ""temp:GND"",\n      ""arduino:GND"",\n      ""black"",\n      []\n    ],\n    [\n      ""temp:VCC"",\n      ""arduino:5V"",\n      ""red"",\n      []\n    ],\n    [\n      ""temp:DATA"",\n      ""arduino:D2"",\n      ""purple"",\n      []\n    ],\n    [\n      ""relay1:GND"",\n      ""arduino:GND"",\n      ""black"",\n      []\n    ],\n    [\n      ""relay1:VCC"",\n      ""arduino:5V"",\n      ""red"",\n      []\n    ],\n    [\n      ""relay1:IN1"",\n      ""arduino:D5"",\n      ""green"",\n      []\n    ],\n    [\n      ""relay2:GND"",\n      ""arduino:GND"",\n      ""black"",\n      []\n    ],\n    [\n      ""relay2:VCC"",\n      ""arduino:5V"",\n      ""red"",\n      []\n    ],\n    [\n      ""relay2:IN1"",\n      ""arduino:D6"",\n      ""brown"",\n      []\n    ],\n    [\n      ""relay3:GND"",\n      ""arduino:GND"",\n      ""black"",\n      []\n    ],\n    [\n      ""relay3:VCC"",\n      ""arduino:5V"",\n      ""red"",\n      []\n    ],\n    [\n      ""relay3:IN1"",\n      ""arduino:D10"",\n      ""grey"",\n      []\n    ],\n    [\n      ""led1:-"",\n      ""r1:1"",\n      ""black"",\n      []\n    ],\n    [\n      ""r1:2"",\n      ""relay1:OUT1"",\n      ""pink"",\n      []\n    ],\n    [\n      ""led2:-"",\n      ""r2:1"",\n      ""black"",\n      []\n    ],\n    [\n      ""r2:2"",\n      ""relay2:OUT1"",\n      ""turquoise"",\n      []\n    ],\n    [\n      ""led3:-"",\n      ""r3:1"",\n      ""black"",\n      []\n    ],\n    [\n      ""r3:2"",\n      ""relay3:OUT1"",\n      ""silver"",\n      []\n    ],\n    [\n      ""led1:+"",\n      ""arduino:5V"",\n      ""red"",\n      []\n    ],\n    [\n      ""led2:+"",\n      ""arduino:5V"",\n      ""red"",\n      []\n    ],\n    [\n      ""led3:+"",\n      ""arduino:5V"",\n      ""red"",\n      []\n    ],\n    [\n      ""led4:+"",\n      ""arduino:5V"",\n      ""red"",\n      []\n    ],\n    [\n      ""led4:-"",\n      ""r3:1"",\n      ""black"",\n      []\n    ]\n  ]\n}"
"Create a circuit that includes an ESP32 development board connected to various components. The circuit should have an LCD1602 display module connected to the ESP32 board via I2C pins, with the VCC pin connected to the ESP32's 3V3 pin and the GND pin connected to the ESP32's GND pin. The circuit should also include a 50kg load cell connected to the ESP32 board, with the VCC pin connected to the ESP32's 5V pin, the GND pin connected to the ESP32's GND pin, the SCK pin connected to the ESP32's pin 2, and the DT pin connected to the ESP32's pin 15.Additionally, the circuit should have four green pushbuttons connected to the ESP32 board, with each button connected to a digital pin ( pins 34, 32, 25, and 27) and the other leg of each button connected to the ESP32's GND pin.The circuit should also include an SSD1306 OLED display module connected to the ESP32 board via I2C pins, with the VCC pin connected to the ESP32's 3V3 pin and the GND pin connected to the ESP32's GND pin.A membrane keypad should be connected to the ESP32 board, with the rows (R1-R4) connected to digital pins (pins 21, 19, 18, and 5) and the columns (C1-C4) connected to digital pins (pins 17, 16, 4, and 0).Finally, a buzzer should be connected to the ESP32 board, with one leg connected to digital pin 35 and the other leg connected to the ESP32's GND pin.","{\n  ""version"": 1,\n  ""author"": ""Shakib"",\n  ""parts"": [\n    {\n      ""type"": ""esp32-devkit-v1"",\n      ""id"": ""esp"",\n      ""top"": 50,\n      ""left"": 200,\n      ""attrs"": {}\n    },\n    {\n      ""type"": ""lcd-i2c"",\n      ""id"": ""lcd"",\n      ""top"": 50,\n      ""left"": 500,\n      ""attrs"": {}\n    },\n    {\n      ""type"": ""hc-sr04"",\n      ""id"": ""loadcell"",\n      ""top"": 250,\n      ""left"": 200,\n      ""attrs"": {}\n    },\n    {\n      ""type"": ""push-button"",\n      ""id"": ""button1"",\n      ""top"": 150,\n      ""left"": 100,\n      ""attrs"": {}\n    },\n    {\n      ""type"": ""push-button"",\n      ""id"": ""button2"",\n      ""top"": 150,\n      ""left"": 150,\n      ""attrs"": {}\n    },\n    {\n      ""type"": ""push-button"",\n      ""id"": ""button3"",\n      ""top"": 200,\n      ""left"": 100,\n      ""attrs"": {}\n    },\n    {\n      ""type"": ""push-button"",\n      ""id"": ""button4"",\n      ""top"": 200,\n      ""left"": 150,\n      ""attrs"": {}\n    },\n    {\n      ""type"": ""dht22"",\n      ""id"": ""oled"",\n      ""top"": 300,\n      ""left"": 500,\n      ""attrs"": {}\n    },\n    {\n      ""type"": ""micro-sd-card"",\n      ""id"": ""keypad"",\n      ""top"": 400,\n      ""left"": 200,\n      ""attrs"": {}\n    },\n    {\n      ""type"": ""buzzer"",\n      ""id"": ""buzzer"",\n      ""top"": 350,\n      ""left"": 100,\n      ""attrs"": {}\n    }\n  ],\n  ""connections"": [\n    [\n      ""lcd:VCC"",\n      ""esp:3V3"",\n      ""red"",\n      []\n    ],\n    [\n      ""lcd:GND"",\n      ""esp:GND"",\n      ""black"",\n      []\n    ],\n    [\n      ""lcd:SDA"",\n      ""esp:D21"",\n      ""blue"",\n      []\n    ],\n    [\n      ""lcd:SCL"",\n      ""esp:D22"",\n      ""green"",\n      []\n    ],\n    [\n      ""loadcell:VCC"",\n      ""esp:5V"",\n      ""red"",\n      []\n    ],\n    [\n      ""loadcell:GND"",\n      ""esp:GND"",\n      ""black"",\n      []\n    ],\n    [\n      ""loadcell:TRIG"",\n      ""esp:D2"",\n      ""orange"",\n      []\n    ],\n    [\n      ""loadcell:ECHO"",\n      ""esp:D15"",\n      ""purple"",\n      []\n    ],\n    [\n      ""button1:1"",\n      ""esp:D34"",\n      ""brown"",\n      []\n    ],\n    [\n      ""button1:2"",\n      ""esp:GND"",\n      ""grey"",\n      []\n    ],\n    [\n      ""button2:1"",\n      ""esp:D32"",\n      ""pink"",\n      []\n    ],\n    [\n      ""button2:2"",\n      ""esp:GND"",\n      ""grey"",\n      []\n    ],\n    [\n      ""button3:1"",\n      ""esp:D25"",\n      ""turquoise"",\n      []\n    ],\n    [\n      ""button3:2"",\n      ""esp:GND"",\n      ""grey"",\n      []\n    ],\n    [\n      ""button4:1"",\n      ""esp:D27"",\n      ""silver"",\n      []\n    ],\n    [\n      ""button4:2"",\n      ""esp:GND"",\n      ""grey"",\n      []\n    ],\n    [\n      ""oled:VCC"",\n      ""esp:3V3"",\n      ""red"",\n      []\n    ],\n    [\n      ""oled:GND"",\n      ""esp:GND"",\n      ""black"",\n      []\n    ],\n    [\n      ""oled:DATA"",\n      ""esp:D21"",\n      ""blue"",\n      []\n    ],\n    [\n      ""keypad:DI"",\n      ""esp:D21"",\n      ""blue"",\n      []\n    ],\n    [\n      ""keypad:CS"",\n      ""esp:D19"",\n      ""yellow"",\n      []\n    ],\n    [\n      ""keypad:DO"",\n      ""esp:D18"",\n      ""orange"",\n      []\n    ],\n    [\n      ""keypad:CD"",\n      ""esp:D5"",\n      ""purple"",\n      []\n    ],\n    [\n      ""keypad:SCK"",\n      ""esp:D4"",\n      ""pink"",\n      []\n    ],\n    [\n      ""keypad:GND"",\n      ""esp:GND"",\n      ""black"",\n      []\n    ],\n    [\n      ""keypad:VCC"",\n      ""esp:5V"",\n      ""red"",\n      []\n    ],\n    [\n      ""buzzer:VCC"",\n      ""esp:D35"",\n      ""brown"",\n      []\n    ],\n    [\n      ""buzzer:GND"",\n      ""esp:GND"",\n      ""black"",\n      []\n    ]\n  ]\n}"
"Create a circuit that includes an Arduino Uno microcontroller connected to a mini breadboard. The circuit should have a 16-pixel LED ring, an SSD1306 OLED display with an I2C address of 0x3C, a photoresistor sensor, and a PIR motion sensor. The LED ring should be powered and controlled by the Arduino Uno, with the SSD1306 OLED display connected to the Arduino via I2C pins A4 and A5. The photoresistor sensor should be connected to analog input A0 on the Arduino, and the PIR motion sensor should be connected to digital pin 2 on the Arduino. The circuit should have the necessary power and ground connections between the components, using a combination of red, green, and black wires. The Arduino Uno should be connected to the breadboard, providing power and control to the various components. The circuit should be designed to allow the Arduino to read data from the sensors and control the LED ring and OLED display accordingly.","{\n  ""version"": 1,\n  ""author"": ""Shakib"",\n  ""editor"": ""Circuit Editor"",\n  ""parts"": [\n    {\n      ""type"": ""arduino-uno"",\n      ""id"": ""arduino"",\n      ""top"": 50,\n      ""left"": 100,\n      ""attrs"": {}\n    },\n    {\n      ""type"": ""led"",\n      ""id"": ""led-ring"",\n      ""top"": 220,\n      ""left"": 350,\n      ""attrs"": {}\n    },\n    {\n      ""type"": ""lcd-i2c"",\n      ""id"": ""oled-display"",\n      ""top"": 150,\n      ""left"": 250,\n      ""attrs"": {\n        ""value"": ""0x3C""\n      }\n    },\n    {\n      ""type"": ""photo-resistor"",\n      ""id"": ""photoresistor"",\n      ""top"": 300,\n      ""left"": 100,\n      ""attrs"": {}\n    },\n    {\n      ""type"": ""pir-motion"",\n      ""id"": ""pir-motion"",\n      ""top"": 300,\n      ""left"": 250,\n      ""attrs"": {}\n    }\n  ],\n  ""connections"": [\n    [\n      ""arduino:5V"",\n      ""led-ring:+"",\n      ""red"",\n      []\n    ],\n    [\n      ""arduino:GND"",\n      ""led-ring:-"",\n      ""black"",\n      []\n    ],\n    [\n      ""arduino:A4"",\n      ""oled-display:SDA"",\n      ""green"",\n      []\n    ],\n    [\n      ""arduino:A5"",\n      ""oled-display:SCL"",\n      ""blue"",\n      []\n    ],\n    [\n      ""arduino:5V"",\n      ""oled-display:VCC"",\n      ""red"",\n      []\n    ],\n    [\n      ""arduino:GND"",\n      ""oled-display:GND"",\n      ""black"",\n      []\n    ],\n    [\n      ""arduino:A0"",\n      ""photoresistor:A0"",\n      ""orange"",\n      []\n    ],\n    [\n      ""arduino:5V"",\n      ""photoresistor:VCC"",\n      ""red"",\n      []\n    ],\n    [\n      ""arduino:GND"",\n      ""photoresistor:GND"",\n      ""black"",\n      []\n    ],\n    [\n      ""arduino:2"",\n      ""pir-motion:D"",\n      ""yellow"",\n      []\n    ],\n    [\n      ""arduino:5V"",\n      ""pir-motion:+"",\n      ""red"",\n      []\n    ],\n    [\n      ""arduino:GND"",\n      ""pir-motion:-"",\n      ""black"",\n      []\n    ]\n  ]\n}"
"Create a circuit that includes an ESP32 development board connected to various sensors. The board should have a DHT22 temperature and humidity sensor connected to its GPIO 4 pin for data and 3V3 pin for power, with the sensor's ground connected to the board's ground. The circuit should also include an HC-SR04 ultrasonic sensor, with its echo pin connected to the ESP32's GPIO 13 pin, trigger pin connected to the ESP32's GPIO 12 pin, and its power and ground connected to the ESP32's 3V3 and ground pins respectively.Additionally, a photoresistor sensor should be connected to the ESP32's GPIO 34 pin for analog output and 5V pin for power, with its ground connected to a separate ground point.A gas sensor should be connected to the ESP32's GPIO 35 pin for analog output, 3V3 pin for power, and its ground connected to the same separate ground point as the photoresistor sensor.The ESP32 board should also have a serial monitor connection for programming and debugging purposes.","{\n  ""version"": 1,\n  ""author"": ""Shakib"",\n  ""parts"": [\n    {\n      ""type"": ""esp32-devkit-v1"",\n      ""id"": ""esp"",\n      ""top"": 50,\n      ""left"": 100,\n      ""attrs"": {}\n    },\n    {\n      ""type"": ""dht22"",\n      ""id"": ""dht22"",\n      ""top"": 120,\n      ""left"": 300,\n      ""attrs"": {}\n    },\n    {\n      ""type"": ""hc-sr04"",\n      ""id"": ""hc-sr04"",\n      ""top"": 200,\n      ""left"": 300,\n      ""attrs"": {}\n    },\n    {\n      ""type"": ""photo-resistor"",\n      ""id"": ""photo-resistor"",\n      ""top"": 50,\n      ""left"": 500,\n      ""attrs"": {}\n    },\n    {\n      ""type"": ""gas-sensor"",\n      ""id"": ""gas-sensor"",\n      ""top"": 150,\n      ""left"": 500,\n      ""attrs"": {}\n    }\n  ],\n  ""connections"": [\n    [\n      ""dht22:VCC"",\n      ""esp:3V3"",\n      ""red"",\n      []\n    ],\n    [\n      ""dht22:GND"",\n      ""esp:GND"",\n      ""black"",\n      []\n    ],\n    [\n      ""dht22:DATA"",\n      ""esp:D4"",\n      ""blue"",\n      []\n    ],\n    [\n      ""hc-sr04:VCC"",\n      ""esp:3V3"",\n      ""orange"",\n      []\n    ],\n    [\n      ""hc-sr04:GND"",\n      ""esp:GND"",\n      ""grey"",\n      []\n    ],\n    [\n      ""hc-sr04:TRIG"",\n      ""esp:D12"",\n      ""purple"",\n      []\n    ],\n    [\n      ""hc-sr04:ECHO"",\n      ""esp:D13"",\n      ""pink"",\n      []\n    ],\n    [\n      ""photo-resistor:VCC"",\n      ""esp:5V"",\n      ""brown"",\n      []\n    ],\n    [\n      ""photo-resistor:A0"",\n      ""esp:D34"",\n      ""turquoise"",\n      []\n    ],\n    [\n      ""photo-resistor:GND"",\n      ""gas-sensor:GND"",\n      ""silver"",\n      []\n    ],\n    [\n      ""gas-sensor:VCC"",\n      ""esp:3V3"",\n      ""violet"",\n      []\n    ],\n    [\n      ""gas-sensor:AOUT"",\n      ""esp:D35"",\n      ""green"",\n      []\n    ],\n    [\n      ""gas-sensor:GND"",\n      ""photo-resistor:GND"",\n      ""charcoal"",\n      []\n    ],\n    [\n      ""esp:TX0"",\n      ""esp:RX0"",\n      ""white"",\n      []\n    ]\n  ]\n}"
"Create a circuit with an ESP32 development board connected to four LEDs, two green and two red, with each pair of LEDs connected in parallel. The LEDs are connected to the board through two 1kΩ resistors. The circuit also includes a servo motor connected to the board's digital pin 12 and powered by the board's 5V supply. The servo motor's ground pin is connected to the board's ground. The circuit should be configured to allow serial communication between the board and a serial monitor.","{\n  ""version"": 1,\n  ""author"": ""Shakib"",\n  ""parts"": [\n    {\n      ""type"": ""esp32-devkit-v1"",\n      ""id"": ""esp"",\n      ""top"": 50,\n      ""left"": 200,\n      ""attrs"": {}\n    },\n    {\n      ""type"": ""resistor"",\n      ""id"": ""r1"",\n      ""top"": 120,\n      ""left"": 350,\n      ""attrs"": {\n        ""value"": ""1kΩ""\n      }\n    },\n    {\n      ""type"": ""resistor"",\n      ""id"": ""r2"",\n      ""top"": 200,\n      ""left"": 350,\n      ""attrs"": {\n        ""value"": ""1kΩ""\n      }\n    },\n    {\n      ""type"": ""led"",\n      ""id"": ""led1"",\n      ""top"": 100,\n      ""left"": 450,\n      ""attrs"": {}\n    },\n    {\n      ""type"": ""led"",\n      ""id"": ""led2"",\n      ""top"": 100,\n      ""left"": 500,\n      ""attrs"": {}\n    },\n    {\n      ""type"": ""led"",\n      ""id"": ""led3"",\n      ""top"": 180,\n      ""left"": 450,\n      ""attrs"": {}\n    },\n    {\n      ""type"": ""led"",\n      ""id"": ""led4"",\n      ""top"": 180,\n      ""left"": 500,\n      ""attrs"": {}\n    },\n    {\n      ""type"": ""servo"",\n      ""id"": ""servo"",\n      ""top"": 250,\n      ""left"": 200,\n      ""attrs"": {}\n    }\n  ],\n  ""connections"": [\n    [\n      ""esp:D21"",\n      ""r1:1"",\n      ""blue"",\n      []\n    ],\n    [\n      ""r1:2"",\n      ""led1:+"",\n      ""red"",\n      []\n    ],\n    [\n      ""r1:2"",\n      ""led2:+"",\n      ""green"",\n      []\n    ],\n    [\n      ""led1:-"",\n      ""esp:GND"",\n      ""black"",\n      []\n    ],\n    [\n      ""led2:-"",\n      ""esp:GND"",\n      ""black"",\n      []\n    ],\n    [\n      ""esp:D22"",\n      ""r2:1"",\n      ""purple"",\n      []\n    ],\n    [\n      ""r2:2"",\n      ""led3:+"",\n      ""red"",\n      []\n    ],\n    [\n      ""r2:2"",\n      ""led4:+"",\n      ""green"",\n      []\n    ],\n    [\n      ""led3:-"",\n      ""esp:GND"",\n      ""black"",\n      []\n    ],\n    [\n      ""led4:-"",\n      ""esp:GND"",\n      ""black"",\n      []\n    ],\n    [\n      ""esp:D12"",\n      ""servo:DATA"",\n      ""orange"",\n      []\n    ],\n    [\n      ""esp:5V"",\n      ""servo:VCC"",\n      ""brown"",\n      []\n    ],\n    [\n      ""servo:GND"",\n      ""esp:GND"",\n      ""grey"",\n      []\n    ],\n    [\n      ""esp:TX0"",\n      ""esp:RX0"",\n      ""yellow"",\n      []\n    ]\n  ]\n}"
"Create a circuit with an Arduino Uno connected to a breadboard. The Arduino should be powered by a 5V supply and have its GND pin connected to the breadboard's ground rail. The circuit should include a 74HC595 shift register (SR1) connected to the Arduino's digital pins 9-12. The shift register should be connected to 8 LEDs (led1-8) with each LED having a 220-ohm resistor in series. The LEDs should be connected to the shift register's output pins (Q0-Q7). The resistors should be connected between the LEDs and the breadboard's ground rail.Additionally, the circuit should include an LCD1602 display connected to the Arduino's I2C pins (A4 and A5) and powered by the 5V supply. The display should have its GND pin connected to the Arduino's GND pin.The circuit should also include three pushbuttons (btn1-4) connected to the Arduino's digital pins 2-4. Each pushbutton should have one terminal connected to the Arduino's digital pin and the other terminal connected to the breadboard's ground rail.The Arduino should be programmed to control the LEDs, LCD display, and read the state of the pushbuttons. The circuit should be powered by a 5V supply and have all necessary connections made between the components.","{\n  ""version"": 1,\n  ""author"": ""Circuit Designer"",\n  ""parts"": [\n    {\n      ""type"": ""arduino-uno"",\n      ""id"": ""arduino"",\n      ""top"": 50,\n      ""left"": 100,\n      ""attrs"": {}\n    },\n    {\n      ""type"": ""breadboard"",\n      ""id"": ""breadboard"",\n      ""top"": 50,\n      ""left"": 400,\n      ""attrs"": {}\n    },\n    {\n      ""type"": ""dc-motor"",\n      ""id"": ""power-supply"",\n      ""top"": 20,\n      ""left"": 20,\n      ""attrs"": {}\n    },\n    {\n      ""type"": ""74HC595"",\n      ""id"": ""sr1"",\n      ""top"": 200,\n      ""left"": 450,\n      ""attrs"": {}\n    },\n    {\n      ""type"": ""led"",\n      ""id"": ""led1"",\n      ""top"": 250,\n      ""left"": 500,\n      ""attrs"": {}\n    },\n    {\n      ""type"": ""led"",\n      ""id"": ""led2"",\n      ""top"": 250,\n      ""left"": 550,\n      ""attrs"": {}\n    },\n    {\n      ""type"": ""led"",\n      ""id"": ""led3"",\n      ""top"": 250,\n      ""left"": 600,\n      ""attrs"": {}\n    },\n    {\n      ""type"": ""led"",\n      ""id"": ""led4"",\n      ""top"": 250,\n      ""left"": 650,\n      ""attrs"": {}\n    },\n    {\n      ""type"": ""led"",\n      ""id"": ""led5"",\n      ""top"": 300,\n      ""left"": 500,\n      ""attrs"": {}\n    },\n    {\n      ""type"": ""led"",\n      ""id"": ""led6"",\n      ""top"": 300,\n      ""left"": 550,\n      ""attrs"": {}\n    },\n    {\n      ""type"": ""led"",\n      ""id"": ""led7"",\n      ""top"": 300,\n      ""left"": 600,\n      ""attrs"": {}\n    },\n    {\n      ""type"": ""led"",\n      ""id"": ""led8"",\n      ""top"": 300,\n      ""left"": 650,\n      ""attrs"": {}\n    },\n    {\n      ""type"": ""resistor"",\n      ""id"": ""r1"",\n      ""top"": 280,\n      ""left"": 500,\n      ""attrs"": {\n        ""value"": ""220""\n      }\n    },\n    {\n      ""type"": ""resistor"",\n      ""id"": ""r2"",\n      ""top"": 280,\n      ""left"": 550,\n      ""attrs"": {\n        ""value"": ""220""\n      }\n    },\n    {\n      ""type"": ""resistor"",\n      ""id"": ""r3"",\n      ""top"": 280,\n      ""left"": 600,\n      ""attrs"": {\n        ""value"": ""220""\n      }\n    },\n    {\n      ""type"": ""resistor"",\n      ""id"": ""r4"",\n      ""top"": 280,\n      ""left"": 650,\n      ""attrs"": {\n        ""value"": ""220""\n      }\n    },\n    {\n      ""type"": ""resistor"",\n      ""id"": ""r5"",\n      ""top"": 330,\n      ""left"": 500,\n      ""attrs"": {\n        ""value"": ""220""\n      }\n    },\n    {\n      ""type"": ""resistor"",\n      ""id"": ""r6"",\n      ""top"": 330,\n      ""left"": 550,\n      ""attrs"": {\n        ""value"": ""220""\n      }\n    },\n    {\n      ""type"": ""resistor"",\n      ""id"": ""r7"",\n      ""top"": 330,\n      ""left"": 600,\n      ""attrs"": {\n        ""value"": ""220""\n      }\n    },\n    {\n      ""type"": ""resistor"",\n      ""id"": ""r8"",\n      ""top"": 330,\n      ""left"": 650,\n      ""attrs"": {\n        ""value"": ""220""\n      }\n    },\n    {\n      ""type"": ""lcd-i2c"",\n      ""id"": ""lcd"",\n      ""top"": 150,\n      ""left"": 500,\n      ""attrs"": {}\n    },\n    {\n      ""type"": ""push-button"",\n      ""id"": ""btn1"",\n      ""top"": 50,\n      ""left"": 700,\n      ""attrs"": {}\n    },\n    {\n      ""type"": ""push-button"",\n      ""id"": ""btn2"",\n      ""top"": 100,\n      ""left"": 700,\n      ""attrs"": {}\n    },\n    {\n      ""type"": ""push-button"",\n      ""id"": ""btn3"",\n      ""top"": 150,\n      ""left"": 700,\n      ""attrs"": {}\n    }\n  ],\n  ""connections"": [\n    [\n      ""power-supply:+"",\n      ""arduino:5V"",\n      ""red"",\n      []\n    ],\n    [\n      ""power-supply:-"",\n      ""arduino:GND"",\n      ""black"",\n      []\n    ],\n    [\n      ""arduino:GND"",\n      ""breadboard:GND"",\n      ""black"",\n      []\n    ],\n    [\n      ""arduino:D9"",\n      ""sr1:DS"",\n      ""blue"",\n      []\n    ],\n    [\n      ""arduino:D10"",\n      ""sr1:STCP"",\n      ""green"",\n      []\n    ],\n    [\n      ""arduino:D11"",\n      ""sr1:SHCP"",\n      ""yellow"",\n      []\n    ],\n    [\n      ""arduino:D12"",\n      ""sr1:MR"",\n      ""orange"",\n      []\n    ],\n    [\n      ""sr1:Q0"",\n      ""led1:+"",\n      ""purple"",\n      []\n    ],\n    [\n      ""sr1:Q1"",\n      ""led2:+"",\n      ""pink"",\n      []\n    ],\n    [\n      ""sr1:Q2"",\n      ""led3:+"",\n      ""brown"",\n      []\n    ],\n    [\n      ""sr1:Q3"",\n      ""led4:+"",\n      ""grey"",\n      []\n    ],\n    [\n      ""sr1:Q4"",\n      ""led5:+"",\n      ""turquoise"",\n      []\n    ],\n    [\n      ""sr1:Q5"",\n      ""led6:+"",\n      ""silver"",\n      []\n    ],\n    [\n      ""sr1:Q6"",\n      ""led7:+"",\n      ""gold"",\n      []\n    ],\n    [\n      ""sr1:Q7"",\n      ""led8:+"",\n      ""copper"",\n      []\n    ],\n    [\n      ""led1:-"",\n      ""r1:1"",\n      ""white"",\n      []\n    ],\n    [\n      ""led2:-"",\n      ""r2:1"",\n      ""violet"",\n      []\n    ],\n    [\n      ""led3:-"",\n      ""r3:1"",\n      ""magenta"",\n      []\n    ],\n    [\n      ""led4:-"",\n      ""r4:1"",\n      ""cyan"",\n      []\n    ],\n    [\n      ""led5:-"",\n      ""r5:1"",\n      ""teal"",\n      []\n    ],\n    [\n      ""led6:-"",\n      ""r6:1"",\n      ""navy"",\n      []\n    ],\n    [\n      ""led7:-"",\n      ""r7:1"",\n      ""lime"",\n      []\n    ],\n    [\n      ""led8:-"",\n      ""r8:1"",\n      ""coral"",\n      []\n    ],\n    [\n      ""r1:2"",\n      ""breadboard:GND"",\n      ""black"",\n      []\n    ],\n    [\n      ""r2:2"",\n      ""breadboard:GND"",\n      ""black"",\n      []\n    ],\n    [\n      ""r3:2"",\n      ""breadboard:GND"",\n      ""black"",\n      []\n    ],\n    [\n      ""r4:2"",\n      ""breadboard:GND"",\n      ""black"",\n      []\n    ],\n    [\n      ""r5:2"",\n      ""breadboard:GND"",\n      ""black"",\n      []\n    ],\n    [\n      ""r6:2"",\n      ""breadboard:GND"",\n      ""black"",\n      []\n    ],\n    [\n      ""r7:2"",\n      ""breadboard:GND"",\n      ""black"",\n      []\n    ],\n    [\n      ""r8:2"",\n      ""breadboard:GND"",\n      ""black"",\n      []\n    ],\n    [\n      ""arduino:A4"",\n      ""lcd:SDA"",\n      ""blue"",\n      []\n    ],\n    [\n      ""arduino:A5"",\n      ""lcd:SCL"",\n      ""green"",\n      []\n    ],\n    [\n      ""lcd:VCC"",\n      ""power-supply:+"",\n      ""red"",\n      []\n    ],\n    [\n      ""lcd:GND"",\n      ""arduino:GND"",\n      ""black"",\n      []\n    ],\n    [\n      ""btn1:1"",\n      ""arduino:D2"",\n      ""yellow"",\n      []\n    ],\n    [\n      ""btn1:2"",\n      ""breadboard:GND"",\n      ""black"",\n      []\n    ],\n    [\n      ""btn2:1"",\n      ""arduino:D3"",\n      ""orange"",\n      []\n    ],\n    [\n      ""btn2:2"",\n      ""breadboard:GND"",\n      ""black"",\n      []\n    ],\n    [\n      ""btn3:1"",\n      ""arduino:D4"",\n      ""purple"",\n      []\n    ],\n    [\n      ""btn3:2"",\n      ""breadboard:GND"",\n      ""black"",\n      []\n    ]\n  ]\n}"
"Create a circuit with an ESP32-C3 DevKitM-1 board as the microcontroller. The board should be connected to a serial monitor for communication. Add a 100-ohm resistor, labeled as R1, and connect one end of the resistor to digital pin 4 of the ESP32 board and the other end to the anode of a red LED, labeled as LED1. Connect the cathode of the LED to the ground pin of the ESP32 board. The LED should be oriented with its anode on the left side. The circuit should be designed to allow the ESP32 board to control the LED through the resistor.","{\n  ""version"": 1,\n  ""author"": ""Shakib"",\n  ""parts"": [\n    {\n      ""type"": ""esp32-devkit-v1"",\n      ""id"": ""esp"",\n      ""top"": 100,\n      ""left"": 50,\n      ""attrs"": {}\n    },\n    {\n      ""type"": ""resistor"",\n      ""id"": ""R1"",\n      ""top"": 150,\n      ""left"": 200,\n      ""attrs"": {\n        ""value"": ""100""\n      }\n    },\n    {\n      ""type"": ""led"",\n      ""id"": ""LED1"",\n      ""top"": 150,\n      ""left"": 300,\n      ""rotate"": 180,\n      ""attrs"": {\n        ""color"": ""red""\n      }\n    }\n  ],\n  ""connections"": [\n    [\n      ""esp:D4"",\n      ""R1:1"",\n      ""blue"",\n      []\n    ],\n    [\n      ""R1:2"",\n      ""LED1:+"",\n      ""orange"",\n      []\n    ],\n    [\n      ""LED1:-"",\n      ""esp:GND"",\n      ""black"",\n      []\n    ],\n    [\n      ""esp:TX0"",\n      ""esp:RX0"",\n      ""grey"",\n      []\n    ]\n  ]\n}"
"Create a circuit consisting of an ESP32 DevKitC V4 microcontroller board, an SSD1306 OLED display, a 10-segment LED bar graph, a slide potentiometer, a 4x4 membrane keypad, and a buzzer. The ESP32 board should be connected to the serial monitor. The SSD1306 display should be connected to the ESP32 board with the VCC pin connected to the 3V3 pin, the GND pin connected to the GND pin, the SCL pin connected to pin 22, and the SDA pin connected to pin 21.The 10-segment LED bar graph should have each segment's anode connected to a separate pin on the ESP32 board (pins 13, 12, 14, 27, 26, 25, 33, 32, 18, and 19), and each segment's cathode connected to the GND pin. The slide potentiometer should have its signal pin connected to pin 34 on the ESP32 board, its VCC pin connected to the 5V pin, and its GND pin connected to the GND pin.The 4x4 membrane keypad should have its row pins connected to pins 15, 2, 0, and 4 on the ESP32 board, and its column pins connected to pins 16, 17, 5, and 35.The buzzer should have one pin connected to pin 23 on the ESP32 board and the other pin connected to the GND pin.The circuit should be designed to work with a MicroPython environment and have the capability to communicate with a serial monitor.","{\n  ""version"": 1,\n  ""author"": ""Shakib"",\n  ""parts"": [\n    {\n      ""type"": ""esp32-devkit-v1"",\n      ""id"": ""esp"",\n      ""top"": 50,\n      ""left"": 100,\n      ""attrs"": {}\n    },\n    {\n      ""type"": ""lcd-i2c"",\n      ""id"": ""oled"",\n      ""top"": 50,\n      ""left"": 400,\n      ""attrs"": {}\n    },\n    {\n      ""type"": ""7-segment-display"",\n      ""id"": ""ledBar"",\n      ""top"": 250,\n      ""left"": 100,\n      ""attrs"": {}\n    },\n    {\n      ""type"": ""analog-joystick"",\n      ""id"": ""pot"",\n      ""top"": 350,\n      ""left"": 100,\n      ""attrs"": {}\n    },\n    {\n      ""type"": ""micro-sd-card"",\n      ""id"": ""keypad"",\n      ""top"": 450,\n      ""left"": 100,\n      ""attrs"": {}\n    },\n    {\n      ""type"": ""buzzer"",\n      ""id"": ""buzzer"",\n      ""top"": 250,\n      ""left"": 600,\n      ""attrs"": {}\n    }\n  ],\n  ""connections"": [\n    [\n      ""oled:VCC"",\n      ""esp:3V3"",\n      ""red"",\n      []\n    ],\n    [\n      ""oled:GND"",\n      ""esp:GND"",\n      ""black"",\n      []\n    ],\n    [\n      ""oled:SCL"",\n      ""esp:D22"",\n      ""blue"",\n      []\n    ],\n    [\n      ""oled:SDA"",\n      ""esp:D21"",\n      ""green"",\n      []\n    ],\n    [\n      ""ledBar:b"",\n      ""esp:D13"",\n      ""yellow"",\n      []\n    ],\n    [\n      ""ledBar:a"",\n      ""esp:D12"",\n      ""orange"",\n      []\n    ],\n    [\n      ""ledBar:com"",\n      ""esp:D14"",\n      ""purple"",\n      []\n    ],\n    [\n      ""ledBar:f"",\n      ""esp:D27"",\n      ""pink"",\n      []\n    ],\n    [\n      ""ledBar:g"",\n      ""esp:D26"",\n      ""brown"",\n      []\n    ],\n    [\n      ""ledBar:DP"",\n      ""esp:D25"",\n      ""grey"",\n      []\n    ],\n    [\n      ""ledBar:c"",\n      ""esp:D33"",\n      ""turquoise"",\n      []\n    ],\n    [\n      ""ledBar:com1"",\n      ""esp:D32"",\n      ""silver"",\n      []\n    ],\n    [\n      ""ledBar:d"",\n      ""esp:D18"",\n      ""violet"",\n      []\n    ],\n    [\n      ""ledBar:e"",\n      ""esp:D19"",\n      ""cyan"",\n      []\n    ],\n    [\n      ""ledBar:b"",\n      ""esp:GND"",\n      ""black"",\n      []\n    ],\n    [\n      ""ledBar:a"",\n      ""esp:GND"",\n      ""black"",\n      []\n    ],\n    [\n      ""ledBar:com"",\n      ""esp:GND"",\n      ""black"",\n      []\n    ],\n    [\n      ""ledBar:f"",\n      ""esp:GND"",\n      ""black"",\n      []\n    ],\n    [\n      ""ledBar:g"",\n      ""esp:GND"",\n      ""black"",\n      []\n    ],\n    [\n      ""ledBar:DP"",\n      ""esp:GND"",\n      ""black"",\n      []\n    ],\n    [\n      ""ledBar:c"",\n      ""esp:GND"",\n      ""black"",\n      []\n    ],\n    [\n      ""ledBar:com1"",\n      ""esp:GND"",\n      ""black"",\n      []\n    ],\n    [\n      ""ledBar:d"",\n      ""esp:GND"",\n      ""black"",\n      []\n    ],\n    [\n      ""ledBar:e"",\n      ""esp:GND"",\n      ""black"",\n      []\n    ],\n    [\n      ""pot:VCC"",\n      ""esp:5V"",\n      ""red"",\n      []\n    ],\n    [\n      ""pot:GND"",\n      ""esp:GND"",\n      ""black"",\n      []\n    ],\n    [\n      ""pot:VERT"",\n      ""esp:D34"",\n      ""blue"",\n      []\n    ],\n    [\n      ""keypad:DI"",\n      ""esp:D15"",\n      ""green"",\n      []\n    ],\n    [\n      ""keypad:DO"",\n      ""esp:D2"",\n      ""yellow"",\n      []\n    ],\n    [\n      ""keypad:CS"",\n      ""esp:D0"",\n      ""orange"",\n      []\n    ],\n    [\n      ""keypad:CD"",\n      ""esp:D4"",\n      ""purple"",\n      []\n    ],\n    [\n      ""keypad:VCC"",\n      ""esp:5V"",\n      ""red"",\n      []\n    ],\n    [\n      ""keypad:GND"",\n      ""esp:GND"",\n      ""black"",\n      []\n    ],\n    [\n      ""keypad:SCK"",\n      ""esp:D16"",\n      ""pink"",\n      []\n    ],\n    [\n      ""keypad:DI"",\n      ""esp:D17"",\n      ""brown"",\n      []\n    ],\n    [\n      ""keypad:DO"",\n      ""esp:D5"",\n      ""grey"",\n      []\n    ],\n    [\n      ""keypad:CS"",\n      ""esp:D35"",\n      ""turquoise"",\n      []\n    ],\n    [\n      ""buzzer:VCC"",\n      ""esp:D23"",\n      ""violet"",\n      []\n    ],\n    [\n      ""buzzer:GND"",\n      ""esp:GND"",\n      ""black"",\n      []\n    ]\n  ]\n}"
"Create a circuit with an ESP32 development board as the central component. The board should be connected to two DHT22 temperature and humidity sensors, one with a temperature reading of 51.6 and humidity of 88.5, and the other with the same temperature but 0 humidity. Each sensor should be connected to a 4.7k ohm resistor. The ESP32 board should also be connected to a red LED through a 1k ohm resistor. The LED should be connected to digital pin 12 on the ESP32, and the other end of the resistors connected to the sensors should be connected to the 3.3V power supply on the ESP32. The sensors should be connected to digital pins 18 and 19 on the ESP32. The circuit should also include connections for serial communication.","{\n  ""version"": 1,\n  ""author"": ""Shakib"",\n  ""parts"": [\n    {\n      ""type"": ""esp32-devkit-v1"",\n      ""id"": ""esp"",\n      ""top"": 100,\n      ""left"": 250,\n      ""attrs"": {}\n    },\n    {\n      ""type"": ""dht22"",\n      ""id"": ""dht1"",\n      ""top"": 50,\n      ""left"": 150,\n      ""attrs"": {\n        ""temperature"": ""51.6"",\n        ""humidity"": ""88.5""\n      }\n    },\n    {\n      ""type"": ""dht22"",\n      ""id"": ""dht2"",\n      ""top"": 50,\n      ""left"": 350,\n      ""attrs"": {\n        ""temperature"": ""51.6"",\n        ""humidity"": ""0""\n      }\n    },\n    {\n      ""type"": ""resistor"",\n      ""id"": ""r1"",\n      ""top"": 120,\n      ""left"": 180,\n      ""attrs"": {\n        ""value"": ""4.7k""\n      }\n    },\n    {\n      ""type"": ""resistor"",\n      ""id"": ""r2"",\n      ""top"": 120,\n      ""left"": 280,\n      ""attrs"": {\n        ""value"": ""4.7k""\n      }\n    },\n    {\n      ""type"": ""resistor"",\n      ""id"": ""r3"",\n      ""top"": 200,\n      ""left"": 260,\n      ""attrs"": {\n        ""value"": ""1k""\n      }\n    },\n    {\n      ""type"": ""led"",\n      ""id"": ""led"",\n      ""top"": 250,\n      ""left"": 260,\n      ""attrs"": {\n        ""color"": ""red""\n      }\n    }\n  ],\n  ""connections"": [\n    [\n      ""dht1:VCC"",\n      ""r1:1"",\n      ""brown"",\n      []\n    ],\n    [\n      ""r1:2"",\n      ""esp:3V3"",\n      ""red"",\n      []\n    ],\n    [\n      ""dht1:DATA"",\n      ""esp:D18"",\n      ""orange"",\n      []\n    ],\n    [\n      ""dht1:GND"",\n      ""esp:GND"",\n      ""black"",\n      []\n    ],\n    [\n      ""dht2:VCC"",\n      ""r2:1"",\n      ""brown"",\n      []\n    ],\n    [\n      ""r2:2"",\n      ""esp:3V3"",\n      ""red"",\n      []\n    ],\n    [\n      ""dht2:DATA"",\n      ""esp:D19"",\n      ""orange"",\n      []\n    ],\n    [\n      ""dht2:GND"",\n      ""esp:GND"",\n      ""black"",\n      []\n    ],\n    [\n      ""r3:1"",\n      ""esp:D12"",\n      ""yellow"",\n      []\n    ],\n    [\n      ""r3:2"",\n      ""led:+"",\n      ""green"",\n      []\n    ],\n    [\n      ""led:-"",\n      ""esp:GND"",\n      ""black"",\n      []\n    ],\n    [\n      ""esp:TX0"",\n      ""esp:RX0"",\n      ""blue"",\n      []\n    ]\n  ]\n}"
Create a circuit with an ESP32 DevKitC V4 microcontroller board connected to two green pushbuttons. The microcontroller should have a serial connection for monitoring. One pushbutton should be connected to pin 25 of the ESP32 and the other to pin 26. Both pushbuttons should be connected to the Ground pin of the ESP32. The pushbuttons should also be connected to each other. The circuit should be designed for a basic interactive setup with serial output.,"{\n  ""version"": 1,\n  ""author"": ""Shakib"",\n  ""parts"": [\n    {\n      ""type"": ""esp32-devkit-v1"",\n      ""id"": ""esp"",\n      ""top"": 100,\n      ""left"": 200,\n      ""attrs"": {}\n    },\n    {\n      ""type"": ""push-button"",\n      ""id"": ""button1"",\n      ""top"": 50,\n      ""left"": 50,\n      ""attrs"": {}\n    },\n    {\n      ""type"": ""push-button"",\n      ""id"": ""button2"",\n      ""top"": 50,\n      ""left"": 350,\n      ""attrs"": {}\n    }\n  ],\n  ""connections"": [\n    [\n      ""button1:1"",\n      ""esp:D25"",\n      ""blue"",\n      []\n    ],\n    [\n      ""button1:2"",\n      ""esp:GND"",\n      ""red"",\n      []\n    ],\n    [\n      ""button2:1"",\n      ""esp:D26"",\n      ""yellow"",\n      []\n    ],\n    [\n      ""button2:2"",\n      ""esp:GND"",\n      ""purple"",\n      []\n    ],\n    [\n      ""button1:2"",\n      ""button2:2"",\n      ""orange"",\n      []\n    ],\n    [\n      ""esp:TX0"",\n      ""esp:RX0"",\n      ""black"",\n      []\n    ]\n  ]\n}"
"Create a circuit consisting of an AVR8js microcontroller, connected to a series of LEDs, with a Monaco editor interface for programming, using the Wokwi elements library for simulation, and an Electron framework for the graphical user interface, incorporating panning and zooming functionality, and utilizing custom titlebar and interactive elements.","{\n  ""version"": 1,\n  ""author"": ""Shakib"",\n  ""editor"": ""Monaco"",\n  ""parts"": [\n    {\n      ""type"": ""arduino-uno"",\n      ""id"": ""avr"",\n      ""top"": 100,\n      ""left"": 50,\n      ""attrs"": {}\n    },\n    {\n      ""type"": ""led"",\n      ""id"": ""led1"",\n      ""top"": 200,\n      ""left"": 150,\n      ""attrs"": {}\n    },\n    {\n      ""type"": ""led"",\n      ""id"": ""led2"",\n      ""top"": 200,\n      ""left"": 250,\n      ""attrs"": {}\n    },\n    {\n      ""type"": ""led"",\n      ""id"": ""led3"",\n      ""top"": 200,\n      ""left"": 350,\n      ""attrs"": {}\n    },\n    {\n      ""type"": ""resistor"",\n      ""id"": ""r1"",\n      ""top"": 250,\n      ""left"": 150,\n      ""attrs"": {\n        ""value"": ""1k""\n      }\n    },\n    {\n      ""type"": ""resistor"",\n      ""id"": ""r2"",\n      ""top"": 250,\n      ""left"": 250,\n      ""attrs"": {\n        ""value"": ""1k""\n      }\n    },\n    {\n      ""type"": ""resistor"",\n      ""id"": ""r3"",\n      ""top"": 250,\n      ""left"": 350,\n      ""attrs"": {\n        ""value"": ""1k""\n      }\n    }\n  ],\n  ""connections"": [\n    [\n      ""avr:D2"",\n      ""led1:+"",\n      ""red"",\n      []\n    ],\n    [\n      ""led1:-"",\n      ""r1:1"",\n      ""blue"",\n      []\n    ],\n    [\n      ""r1:2"",\n      ""avr:GND"",\n      ""black"",\n      []\n    ],\n    [\n      ""avr:D3"",\n      ""led2:+"",\n      ""green"",\n      []\n    ],\n    [\n      ""led2:-"",\n      ""r2:1"",\n      ""yellow"",\n      []\n    ],\n    [\n      ""r2:2"",\n      ""avr:GND"",\n      ""black"",\n      []\n    ],\n    [\n      ""avr:D4"",\n      ""led3:+"",\n      ""purple"",\n      []\n    ],\n    [\n      ""led3:-"",\n      ""r3:1"",\n      ""orange"",\n      []\n    ],\n    [\n      ""r3:2"",\n      ""avr:GND"",\n      ""black"",\n      []\n    ]\n  ]\n}"
"Create a circuit with a half-sized breadboard and an ESP32 DevKit C V4 board placed 100mm to the right of the breadboard's left edge. The ESP32 board should be connected to a serial monitor. On the breadboard, place three LEDs: a red one at the top, a yellow one 28mm to the left of the red LED, and a lime green one 57mm to the left of the red LED. Connect the anode of the red LED to pin 25 of the ESP32 board through the breadboard, and the cathode to the breadboard's ground. Connect the anode of the yellow LED to pin 26 of the ESP32 board through the breadboard, and the cathode to the breadboard's ground. Connect the anode of the lime green LED to pin 27 of the ESP32 board through the breadboard, and the cathode to the breadboard's ground. Ensure all connections are made with green wires for the signal connections and black wires for the ground connections.","{\n  ""version"": 1,\n  ""author"": ""Shakib"",\n  ""parts"": [\n    {\n      ""type"": ""half-breadboard"",\n      ""id"": ""breadboard"",\n      ""top"": 100,\n      ""left"": 50,\n      ""attrs"": {}\n    },\n    {\n      ""type"": ""esp32-devkit-v1"",\n      ""id"": ""esp"",\n      ""top"": 100,\n      ""left"": 350,\n      ""attrs"": {}\n    },\n    {\n      ""type"": ""led"",\n      ""id"": ""red-led"",\n      ""top"": 50,\n      ""left"": 250,\n      ""attrs"": {\n        ""value"": ""red""\n      }\n    },\n    {\n      ""type"": ""led"",\n      ""id"": ""yellow-led"",\n      ""top"": 50,\n      ""left"": 222,\n      ""attrs"": {\n        ""value"": ""yellow""\n      }\n    },\n    {\n      ""type"": ""led"",\n      ""id"": ""lime-green-led"",\n      ""top"": 50,\n      ""left"": 193,\n      ""attrs"": {\n        ""value"": ""lime green""\n      }\n    },\n    {\n      ""type"": ""serial-monitor"",\n      ""id"": ""serial-monitor"",\n      ""top"": 250,\n      ""left"": 350,\n      ""attrs"": {}\n    }\n  ],\n  ""connections"": [\n    [\n      ""red-led:+"",\n      ""esp:D25"",\n      ""green"",\n      []\n    ],\n    [\n      ""red-led:-"",\n      ""breadboard:GND"",\n      ""black"",\n      []\n    ],\n    [\n      ""yellow-led:+"",\n      ""esp:D26"",\n      ""green"",\n      []\n    ],\n    [\n      ""yellow-led:-"",\n      ""breadboard:GND"",\n      ""black"",\n      []\n    ],\n    [\n      ""lime-green-led:+"",\n      ""esp:D27"",\n      ""green"",\n      []\n    ],\n    [\n      ""lime-green-led:-"",\n      ""breadboard:GND"",\n      ""black"",\n      []\n    ],\n    [\n      ""esp:TX0"",\n      ""serial-monitor:RX"",\n      ""blue"",\n      []\n    ],\n    [\n      ""esp:RX0"",\n      ""serial-monitor:TX"",\n      ""orange"",\n      []\n    ],\n    [\n      ""esp:GND"",\n      ""serial-monitor:GND"",\n      ""black"",\n      []\n    ]\n  ]\n}"
"Create a circuit with an ESP32 development board as the main microcontroller, connected to five ILI9341 TFT LCD displays and three pushbuttons. The ESP32 board should have fast TLS enabled. Each LCD display should be connected to the ESP32 with the following pins: D/C to pin 19, CS to a unique digital pin (13, 33, 32, 25, 21), RST to pin 18, MOSI to pin 17, and SCK to pin 23. The VCC pin of each LCD should be connected to the 5V pin of the ESP32, and the GND pin of each LCD should be connected to a GND pin of the ESP32. Each pushbutton should be connected to a unique digital pin of the ESP32 (26, 27, 14) and the 5V pin of the ESP32. All connections should be made with wires of the appropriate color (green for signal, red for power, black for ground). The pushbuttons should be colored red. The LCD displays should be flipped horizontally. The circuit should also have a serial monitor connected to the TX and RX pins of the ESP32.","{\n  ""version"": 1,\n  ""author"": ""Shakib"",\n  ""parts"": [\n    {\n      ""type"": ""esp32-devkit-v1"",\n      ""id"": ""esp"",\n      ""top"": 50,\n      ""left"": 50,\n      ""attrs"": {\n        ""fast_tls"": true\n      }\n    },\n    {\n      ""type"": ""lcd-i2c"",\n      ""id"": ""lcd1"",\n      ""top"": 250,\n      ""left"": 50,\n      ""rotate"": 180,\n      ""attrs"": {}\n    },\n    {\n      ""type"": ""lcd-i2c"",\n      ""id"": ""lcd2"",\n      ""top"": 250,\n      ""left"": 150,\n      ""rotate"": 180,\n      ""attrs"": {}\n    },\n    {\n      ""type"": ""lcd-i2c"",\n      ""id"": ""lcd3"",\n      ""top"": 250,\n      ""left"": 250,\n      ""rotate"": 180,\n      ""attrs"": {}\n    },\n    {\n      ""type"": ""lcd-i2c"",\n      ""id"": ""lcd4"",\n      ""top"": 250,\n      ""left"": 350,\n      ""rotate"": 180,\n      ""attrs"": {}\n    },\n    {\n      ""type"": ""lcd-i2c"",\n      ""id"": ""lcd5"",\n      ""top"": 250,\n      ""left"": 450,\n      ""rotate"": 180,\n      ""attrs"": {}\n    },\n    {\n      ""type"": ""push-button"",\n      ""id"": ""btn1"",\n      ""top"": 150,\n      ""left"": 50,\n      ""attrs"": {\n        ""color"": ""red""\n      }\n    },\n    {\n      ""type"": ""push-button"",\n      ""id"": ""btn2"",\n      ""top"": 150,\n      ""left"": 150,\n      ""attrs"": {\n        ""color"": ""red""\n      }\n    },\n    {\n      ""type"": ""push-button"",\n      ""id"": ""btn3"",\n      ""top"": 150,\n      ""left"": 250,\n      ""attrs"": {\n        ""color"": ""red""\n      }\n    },\n    {\n      ""type"": ""hc05"",\n      ""id"": ""serial_monitor"",\n      ""top"": 50,\n      ""left"": 600,\n      ""attrs"": {}\n    }\n  ],\n  ""connections"": [\n    [\n      ""lcd1:VCC"",\n      ""esp:3V3"",\n      ""red"",\n      []\n    ],\n    [\n      ""lcd1:GND"",\n      ""esp:GND"",\n      ""black"",\n      []\n    ],\n    [\n      ""lcd1:SDA"",\n      ""esp:D19"",\n      ""green"",\n      []\n    ],\n    [\n      ""lcd1:SCL"",\n      ""esp:D13"",\n      ""green"",\n      []\n    ],\n    [\n      ""lcd1:RST"",\n      ""esp:D18"",\n      ""green"",\n      []\n    ],\n    [\n      ""lcd1:MOSI"",\n      ""esp:D17"",\n      ""green"",\n      []\n    ],\n    [\n      ""lcd1:SCK"",\n      ""esp:D23"",\n      ""green"",\n      []\n    ],\n    [\n      ""lcd2:VCC"",\n      ""esp:3V3"",\n      ""red"",\n      []\n    ],\n    [\n      ""lcd2:GND"",\n      ""esp:GND"",\n      ""black"",\n      []\n    ],\n    [\n      ""lcd2:SDA"",\n      ""esp:D19"",\n      ""green"",\n      []\n    ],\n    [\n      ""lcd2:SCL"",\n      ""esp:D33"",\n      ""green"",\n      []\n    ],\n    [\n      ""lcd2:RST"",\n      ""esp:D18"",\n      ""green"",\n      []\n    ],\n    [\n      ""lcd2:MOSI"",\n      ""esp:D17"",\n      ""green"",\n      []\n    ],\n    [\n      ""lcd2:SCK"",\n      ""esp:D23"",\n      ""green"",\n      []\n    ],\n    [\n      ""lcd3:VCC"",\n      ""esp:3V3"",\n      ""red"",\n      []\n    ],\n    [\n      ""lcd3:GND"",\n      ""esp:GND"",\n      ""black"",\n      []\n    ],\n    [\n      ""lcd3:SDA"",\n      ""esp:D19"",\n      ""green"",\n      []\n    ],\n    [\n      ""lcd3:SCL"",\n      ""esp:D32"",\n      ""green"",\n      []\n    ],\n    [\n      ""lcd3:RST"",\n      ""esp:D18"",\n      ""green"",\n      []\n    ],\n    [\n      ""lcd3:MOSI"",\n      ""esp:D17"",\n      ""green"",\n      []\n    ],\n    [\n      ""lcd3:SCK"",\n      ""esp:D23"",\n      ""green"",\n      []\n    ],\n    [\n      ""lcd4:VCC"",\n      ""esp:3V3"",\n      ""red"",\n      []\n    ],\n    [\n      ""lcd4:GND"",\n      ""esp:GND"",\n      ""black"",\n      []\n    ],\n    [\n      ""lcd4:SDA"",\n      ""esp:D19"",\n      ""green"",\n      []\n    ],\n    [\n      ""lcd4:SCL"",\n      ""esp:D25"",\n      ""green"",\n      []\n    ],\n    [\n      ""lcd4:RST"",\n      ""esp:D18"",\n      ""green"",\n      []\n    ],\n    [\n      ""lcd4:MOSI"",\n      ""esp:D17"",\n      ""green"",\n      []\n    ],\n    [\n      ""lcd4:SCK"",\n      ""esp:D23"",\n      ""green"",\n      []\n    ],\n    [\n      ""lcd5:VCC"",\n      ""esp:3V3"",\n      ""red"",\n      []\n    ],\n    [\n      ""lcd5:GND"",\n      ""esp:GND"",\n      ""black"",\n      []\n    ],\n    [\n      ""lcd5:SDA"",\n      ""esp:D19"",\n      ""green"",\n      []\n    ],\n    [\n      ""lcd5:SCL"",\n      ""esp:D21"",\n      ""green"",\n      []\n    ],\n    [\n      ""lcd5:RST"",\n      ""esp:D18"",\n      ""green"",\n      []\n    ],\n    [\n      ""lcd5:MOSI"",\n      ""esp:D17"",\n      ""green"",\n      []\n    ],\n    [\n      ""lcd5:SCK"",\n      ""esp:D23"",\n      ""green"",\n      []\n    ],\n    [\n      ""btn1:1"",\n      ""esp:D26"",\n      ""green"",\n      []\n    ],\n    [\n      ""btn1:2"",\n      ""esp:3V3"",\n      ""red"",\n      []\n    ],\n    [\n      ""btn2:1"",\n      ""esp:D27"",\n      ""green"",\n      []\n    ],\n    [\n      ""btn2:2"",\n      ""esp:3V3"",\n      ""red"",\n      []\n    ],\n    [\n      ""btn3:1"",\n      ""esp:D14"",\n      ""green"",\n      []\n    ],\n    [\n      ""btn3:2"",\n      ""esp:3V3"",\n      ""red"",\n      []\n    ],\n    [\n      ""serial_monitor:TX"",\n      ""esp:TX0"",\n      ""green"",\n      []\n    ],\n    [\n      ""serial_monitor:RX"",\n      ""esp:RX0"",\n      ""green"",\n      []\n    ]\n  ]\n}"
"Create a circuit with an ESP32-S3 DevKitC-1 board as the microcontroller. The circuit should have three LEDs of different colors: red, green, and yellow. Each LED should be connected to a 1kΩ resistor. The red LED should be connected to pin 40 of the ESP32 board, the green LED to pin 2, and the yellow LED to pin 9. The circuit should also include a pushbutton connected to pin 18 of the ESP32 board and a 1kΩ resistor connected to ground. Additionally, a photoresistor sensor should be connected to the circuit, with its VCC pin connected to the 5V pin of the ESP32 board and its GND pin connected to ground. The DO pin of the photoresistor sensor should be connected to pin 4 of the ESP32 board.The circuit should be designed to allow for serial communication between the ESP32 board and a serial monitor. Ensure all connections are made correctly, with appropriate wire colors used for each connection.","{\n  ""version"": 1,\n  ""author"": ""Shakib"",\n  ""parts"": [\n    {\n      ""type"": ""esp32-devkit-v1"",\n      ""id"": ""esp"",\n      ""top"": 50,\n      ""left"": 200,\n      ""attrs"": {}\n    },\n    {\n      ""type"": ""led"",\n      ""id"": ""red-led"",\n      ""top"": 150,\n      ""left"": 100,\n      ""attrs"": {\n        ""value"": ""red""\n      }\n    },\n    {\n      ""type"": ""resistor"",\n      ""id"": ""r1"",\n      ""top"": 120,\n      ""left"": 150,\n      ""attrs"": {\n        ""value"": ""1kΩ""\n      }\n    },\n    {\n      ""type"": ""led"",\n      ""id"": ""green-led"",\n      ""top"": 220,\n      ""left"": 100,\n      ""attrs"": {\n        ""value"": ""green""\n      }\n    },\n    {\n      ""type"": ""resistor"",\n      ""id"": ""r2"",\n      ""top"": 190,\n      ""left"": 150,\n      ""attrs"": {\n        ""value"": ""1kΩ""\n      }\n    },\n    {\n      ""type"": ""led"",\n      ""id"": ""yellow-led"",\n      ""top"": 290,\n      ""left"": 100,\n      ""attrs"": {\n        ""value"": ""yellow""\n      }\n    },\n    {\n      ""type"": ""resistor"",\n      ""id"": ""r3"",\n      ""top"": 260,\n      ""left"": 150,\n      ""attrs"": {\n        ""value"": ""1kΩ""\n      }\n    },\n    {\n      ""type"": ""push-button"",\n      ""id"": ""button"",\n      ""top"": 150,\n      ""left"": 300,\n      ""attrs"": {}\n    },\n    {\n      ""type"": ""resistor"",\n      ""id"": ""r4"",\n      ""top"": 180,\n      ""left"": 350,\n      ""attrs"": {\n        ""value"": ""1kΩ""\n      }\n    },\n    {\n      ""type"": ""photo-resistor"",\n      ""id"": ""photo"",\n      ""top"": 220,\n      ""left"": 400,\n      ""attrs"": {}\n    }\n  ],\n  ""connections"": [\n    [\n      ""red-led:-"",\n      ""r1:2"",\n      ""blue"",\n      []\n    ],\n    [\n      ""r1:1"",\n      ""esp:D40"",\n      ""orange"",\n      []\n    ],\n    [\n      ""red-led:+"",\n      ""esp:3V3"",\n      ""red"",\n      []\n    ],\n    [\n      ""green-led:-"",\n      ""r2:2"",\n      ""pink"",\n      []\n    ],\n    [\n      ""r2:1"",\n      ""esp:D2"",\n      ""brown"",\n      []\n    ],\n    [\n      ""green-led:+"",\n      ""esp:3V3"",\n      ""green"",\n      []\n    ],\n    [\n      ""yellow-led:-"",\n      ""r3:2"",\n      ""grey"",\n      []\n    ],\n    [\n      ""r3:1"",\n      ""esp:D9"",\n      ""purple"",\n      []\n    ],\n    [\n      ""yellow-led:+"",\n      ""esp:3V3"",\n      ""yellow"",\n      []\n    ],\n    [\n      ""button:1"",\n      ""r4:1"",\n      ""black"",\n      []\n    ],\n    [\n      ""r4:2"",\n      ""esp:GND"",\n      ""white"",\n      []\n    ],\n    [\n      ""button:2"",\n      ""esp:D18"",\n      ""turquoise"",\n      []\n    ],\n    [\n      ""photo:VCC"",\n      ""esp:5V"",\n      ""silver"",\n      []\n    ],\n    [\n      ""photo:GND"",\n      ""esp:GND"",\n      ""violet"",\n      []\n    ],\n    [\n      ""photo:D0"",\n      ""esp:D4"",\n      ""cyan"",\n      []\n    ]\n  ]\n}"
"Create a circuit with an Arduino Uno connected to a breadboard, featuring several components: a DHT22 temperature and humidity sensor, a stepper motor driven by an A4988 driver, an LCD 2004 display, a slide potentiometer, an MPU6050 inertial measurement unit, three LEDs (red, orange, and green) each connected to a 220-ohm resistor, a 7-segment display, and a servo motor. The circuit also includes a MAX7219 matrix display and various text labels for ""Wind Speed"", ""Sea state"", ""Cooling"", ""Heating"", and ""Inside Temp."". Ensure all connections are made correctly, including power, ground, and signal lines, to facilitate communication between the Arduino and the various components.","{\n  ""version"": 1,\n  ""author"": ""Shakib"",\n  ""parts"": [\n    {\n      ""type"": ""arduino-uno"",\n      ""id"": ""arduino"",\n      ""top"": 50,\n      ""left"": 100,\n      ""attrs"": {}\n    },\n    {\n      ""type"": ""dht22"",\n      ""id"": ""dht22"",\n      ""top"": 120,\n      ""left"": 420,\n      ""attrs"": {}\n    },\n    {\n      ""type"": ""stepper-motor"",\n      ""id"": ""stepper"",\n      ""top"": 250,\n      ""left"": 100,\n      ""attrs"": {}\n    },\n    {\n      ""type"": ""l298n"",\n      ""id"": ""l298n"",\n      ""top"": 200,\n      ""left"": 100,\n      ""attrs"": {}\n    },\n    {\n      ""type"": ""lcd-i2c"",\n      ""id"": ""lcd"",\n      ""top"": 50,\n      ""left"": 500,\n      ""attrs"": {}\n    },\n    {\n      ""type"": ""analog-joystick"",\n      ""id"": ""pot"",\n      ""top"": 200,\n      ""left"": 500,\n      ""attrs"": {}\n    },\n    {\n      ""type"": ""mpu6050"",\n      ""id"": ""mpu"",\n      ""top"": 150,\n      ""left"": 420,\n      ""attrs"": {}\n    },\n    {\n      ""type"": ""led"",\n      ""id"": ""led1"",\n      ""top"": 300,\n      ""left"": 100,\n      ""attrs"": {}\n    },\n    {\n      ""type"": ""resistor"",\n      ""id"": ""r1"",\n      ""top"": 320,\n      ""left"": 100,\n      ""attrs"": {\n        ""value"": ""220""\n      }\n    },\n    {\n      ""type"": ""led"",\n      ""id"": ""led2"",\n      ""top"": 300,\n      ""left"": 200,\n      ""attrs"": {}\n    },\n    {\n      ""type"": ""resistor"",\n      ""id"": ""r2"",\n      ""top"": 320,\n      ""left"": 200,\n      ""attrs"": {\n        ""value"": ""220""\n      }\n    },\n    {\n      ""type"": ""led"",\n      ""id"": ""led3"",\n      ""top"": 300,\n      ""left"": 300,\n      ""attrs"": {}\n    },\n    {\n      ""type"": ""resistor"",\n      ""id"": ""r3"",\n      ""top"": 320,\n      ""left"": 300,\n      ""attrs"": {\n        ""value"": ""220""\n      }\n    },\n    {\n      ""type"": ""7-segment-display"",\n      ""id"": ""seg"",\n      ""top"": 250,\n      ""left"": 500,\n      ""attrs"": {}\n    },\n    {\n      ""type"": ""servo"",\n      ""id"": ""servo"",\n      ""top"": 200,\n      ""left"": 600,\n      ""attrs"": {}\n    }\n  ],\n  ""connections"": [\n    [\n      ""arduino:5V"",\n      ""dht22:VCC"",\n      ""red"",\n      []\n    ],\n    [\n      ""arduino:GND"",\n      ""dht22:GND"",\n      ""black"",\n      []\n    ],\n    [\n      ""arduino:D2"",\n      ""dht22:DATA"",\n      ""blue"",\n      []\n    ],\n    [\n      ""l298n:5V"",\n      ""stepper:1"",\n      ""green"",\n      []\n    ],\n    [\n      ""l298n:GND"",\n      ""stepper:2"",\n      ""yellow"",\n      []\n    ],\n    [\n      ""l298n:ENA"",\n      ""arduino:D9"",\n      ""orange"",\n      []\n    ],\n    [\n      ""l298n:IN1"",\n      ""arduino:D8"",\n      ""purple"",\n      []\n    ],\n    [\n      ""l298n:IN2"",\n      ""arduino:D7"",\n      ""pink"",\n      []\n    ],\n    [\n      ""lcd:VCC"",\n      ""arduino:5V"",\n      ""brown"",\n      []\n    ],\n    [\n      ""lcd:GND"",\n      ""arduino:GND"",\n      ""grey"",\n      []\n    ],\n    [\n      ""lcd:SDA"",\n      ""arduino:A4"",\n      ""white"",\n      []\n    ],\n    [\n      ""lcd:SCL"",\n      ""arduino:A5"",\n      ""turquoise"",\n      []\n    ],\n    [\n      ""pot:VCC"",\n      ""arduino:5V"",\n      ""silver"",\n      []\n    ],\n    [\n      ""pot:GND"",\n      ""arduino:GND"",\n      ""copper"",\n      []\n    ],\n    [\n      ""pot:VERT"",\n      ""arduino:A0"",\n      ""violet"",\n      []\n    ],\n    [\n      ""mpu:VCC"",\n      ""arduino:5V"",\n      ""gold"",\n      []\n    ],\n    [\n      ""mpu:GND"",\n      ""arduino:GND"",\n      ""iron"",\n      []\n    ],\n    [\n      ""mpu:SCL"",\n      ""arduino:A4"",\n      ""platinum"",\n      []\n    ],\n    [\n      ""mpu:SDA"",\n      ""arduino:A5"",\n      ""titanium"",\n      []\n    ],\n    [\n      ""led1:+"",\n      ""r1:1"",\n      ""red"",\n      []\n    ],\n    [\n      ""r1:2"",\n      ""arduino:D3"",\n      ""green"",\n      []\n    ],\n    [\n      ""led2:+"",\n      ""r2:1"",\n      ""orange"",\n      []\n    ],\n    [\n      ""r2:2"",\n      ""arduino:D4"",\n      ""blue"",\n      []\n    ],\n    [\n      ""led3:+"",\n      ""r3:1"",\n      ""yellow"",\n      []\n    ],\n    [\n      ""r3:2"",\n      ""arduino:D5"",\n      ""purple"",\n      []\n    ],\n    [\n      ""seg:b"",\n      ""arduino:D6"",\n      ""pink"",\n      []\n    ],\n    [\n      ""seg:a"",\n      ""arduino:D7"",\n      ""turquoise"",\n      []\n    ],\n    [\n      ""seg:com"",\n      ""arduino:D8"",\n      ""silver"",\n      []\n    ],\n    [\n      ""seg:f"",\n      ""arduino:D9"",\n      ""gold"",\n      []\n    ],\n    [\n      ""seg:g"",\n      ""arduino:D10"",\n      ""copper"",\n      []\n    ],\n    [\n      ""seg:DP"",\n      ""arduino:D11"",\n      ""iron"",\n      []\n    ],\n    [\n      ""seg:c"",\n      ""arduino:D12"",\n      ""platinum"",\n      []\n    ],\n    [\n      ""seg:com1"",\n      ""arduino:D13"",\n      ""titanium"",\n      []\n    ],\n    [\n      ""seg:d"",\n      ""arduino:A0"",\n      ""violet"",\n      []\n    ],\n    [\n      ""seg:e"",\n      ""arduino:A1"",\n      ""brown"",\n      []\n    ],\n    [\n      ""servo:VCC"",\n      ""arduino:5V"",\n      ""black"",\n      []\n    ],\n    [\n      ""servo:GND"",\n      ""arduino:GND"",\n      ""white"",\n      []\n    ],\n    [\n      ""servo:DATA"",\n      ""arduino:D6"",\n      ""grey"",\n      []\n    ]\n  ]\n}"
"Create a circuit consisting of an Arduino Nano microcontroller, an SSD1306 OLED display, three pushbuttons labeled ""Up"", ""Select"", and ""Down"", two KS2E-M-DC5 relays, and two red LEDs. The Arduino Nano should be connected to the OLED display with the following connections: GND to GND, VCC to 5V, SCL to A5, and SDA to A4. The relays should be connected to the Arduino Nano as follows: one relay's coil should be connected to digital pin 7 and the other relay's coil should be connected to digital pin 8, with both coils' other ends connected to GND. The normally open (NO) contacts of the relays should be connected to 220-ohm resistors, which in turn should be connected to the LEDs. The LEDs should have their other ends connected to GND.The pushbuttons should be connected to the Arduino Nano's digital pins 2, 3, and 4, with each button connected to 5V through a 1k-ohm resistor. The other end of each resistor should be connected to GND.The circuit should also include connections between the various components to allow for proper functioning, including connections between the relays, LEDs, and resistors. The pushbuttons should be able to control the LEDs and relays when pressed.","{\n  ""version"": 1,\n  ""author"": ""Circuit Designer"",\n  ""parts"": [\n    {\n      ""type"": ""arduino-nano"",\n      ""id"": ""arduino"",\n      ""top"": 50,\n      ""left"": 100,\n      ""attrs"": {}\n    },\n    {\n      ""type"": ""ssd1306-oled"",\n      ""id"": ""oled"",\n      ""top"": 50,\n      ""left"": 350,\n      ""attrs"": {}\n    },\n    {\n      ""type"": ""push-button"",\n      ""id"": ""up-button"",\n      ""top"": 200,\n      ""left"": 50,\n      ""attrs"": {\n        ""value"": ""Up""\n      }\n    },\n    {\n      ""type"": ""push-button"",\n      ""id"": ""select-button"",\n      ""top"": 250,\n      ""left"": 50,\n      ""attrs"": {\n        ""value"": ""Select""\n      }\n    },\n    {\n      ""type"": ""push-button"",\n      ""id"": ""down-button"",\n      ""top"": 300,\n      ""left"": 50,\n      ""attrs"": {\n        ""value"": ""Down""\n      }\n    },\n    {\n      ""type"": ""ks2e-m-dc5"",\n      ""id"": ""relay1"",\n      ""top"": 150,\n      ""left"": 500,\n      ""attrs"": {}\n    },\n    {\n      ""type"": ""ks2e-m-dc5"",\n      ""id"": ""relay2"",\n      ""top"": 250,\n      ""left"": 500,\n      ""attrs"": {}\n    },\n    {\n      ""type"": ""led"",\n      ""id"": ""led1"",\n      ""top"": 150,\n      ""left"": 650,\n      ""attrs"": {}\n    },\n    {\n      ""type"": ""led"",\n      ""id"": ""led2"",\n      ""top"": 250,\n      ""left"": 650,\n      ""attrs"": {}\n    },\n    {\n      ""type"": ""resistor"",\n      ""id"": ""r1"",\n      ""top"": 120,\n      ""left"": 580,\n      ""attrs"": {\n        ""value"": ""220""\n      }\n    },\n    {\n      ""type"": ""resistor"",\n      ""id"": ""r2"",\n      ""top"": 220,\n      ""left"": 580,\n      ""attrs"": {\n        ""value"": ""220""\n      }\n    },\n    {\n      ""type"": ""resistor"",\n      ""id"": ""r3"",\n      ""top"": 200,\n      ""left"": 20,\n      ""attrs"": {\n        ""value"": ""1k""\n      }\n    },\n    {\n      ""type"": ""resistor"",\n      ""id"": ""r4"",\n      ""top"": 250,\n      ""left"": 20,\n      ""attrs"": {\n        ""value"": ""1k""\n      }\n    },\n    {\n      ""type"": ""resistor"",\n      ""id"": ""r5"",\n      ""top"": 300,\n      ""left"": 20,\n      ""attrs"": {\n        ""value"": ""1k""\n      }\n    }\n  ],\n  ""connections"": [\n    [\n      ""oled:GND"",\n      ""arduino:GND"",\n      ""black"",\n      []\n    ],\n    [\n      ""oled:VCC"",\n      ""arduino:5V"",\n      ""red"",\n      []\n    ],\n    [\n      ""oled:SCL"",\n      ""arduino:A5"",\n      ""blue"",\n      []\n    ],\n    [\n      ""oled:SDA"",\n      ""arduino:A4"",\n      ""green"",\n      []\n    ],\n    [\n      ""relay1:coil"",\n      ""arduino:D7"",\n      ""orange"",\n      []\n    ],\n    [\n      ""relay1:coil"",\n      ""arduino:GND"",\n      ""brown"",\n      []\n    ],\n    [\n      ""relay2:coil"",\n      ""arduino:D8"",\n      ""grey"",\n      []\n    ],\n    [\n      ""relay2:coil"",\n      ""arduino:GND"",\n      ""purple"",\n      []\n    ],\n    [\n      ""r1:1"",\n      ""relay1:NO"",\n      ""pink"",\n      []\n    ],\n    [\n      ""r1:2"",\n      ""led1:+"",\n      ""turquoise"",\n      []\n    ],\n    [\n      ""led1:-"",\n      ""arduino:GND"",\n      ""silver"",\n      []\n    ],\n    [\n      ""r2:1"",\n      ""relay2:NO"",\n      ""violet"",\n      []\n    ],\n    [\n      ""r2:2"",\n      ""led2:+"",\n      ""peach"",\n      []\n    ],\n    [\n      ""led2:-"",\n      ""arduino:GND"",\n      ""magenta"",\n      []\n    ],\n    [\n      ""up-button:1"",\n      ""r3:1"",\n      ""navy"",\n      []\n    ],\n    [\n      ""r3:2"",\n      ""arduino:5V"",\n      ""teal"",\n      []\n    ],\n    [\n      ""up-button:2"",\n      ""arduino:D2"",\n      ""lime"",\n      []\n    ],\n    [\n      ""select-button:1"",\n      ""r4:1"",\n      ""coral"",\n      []\n    ],\n    [\n      ""r4:2"",\n      ""arduino:5V"",\n      ""crimson"",\n      []\n    ],\n    [\n      ""select-button:2"",\n      ""arduino:D3"",\n      ""cyan"",\n      []\n    ],\n    [\n      ""down-button:1"",\n      ""r5:1"",\n      ""gold"",\n      []\n    ],\n    [\n      ""r5:2"",\n      ""arduino:5V"",\n      ""ivory"",\n      []\n    ],\n    [\n      ""down-button:2"",\n      ""arduino:D4"",\n      ""beige"",\n      []\n    ]\n  ]\n}"
"Create a circuit with an ESP32 DevKitC V4 board connected to an ILI9341 LCD display. The ESP32 board should be connected to a serial monitor for debugging purposes, with the TX and RX pins of the ESP32 connected to the RX and TX pins of the serial monitor, respectively. The LCD display should be connected to the ESP32 board with the following connections: GND to GND, VCC to 3V3, MOSI to pin 23, SCK to pin 18, CS to pin 15, D/C to pin 2, and RST to pin 4. The circuit should have a black wire connecting the GND pins, a red wire connecting the VCC pins, and green wires for the other connections.","{\n  ""version"": 1,\n  ""author"": ""Shakib"",\n  ""editor"": ""CircuitJS"",\n  ""parts"": [\n    {\n      ""type"": ""esp32-devkit-v1"",\n      ""id"": ""esp"",\n      ""top"": 100,\n      ""left"": 50,\n      ""attrs"": {}\n    },\n    {\n      ""type"": ""lcd-i2c"",\n      ""id"": ""lcd"",\n      ""top"": 100,\n      ""left"": 400,\n      ""attrs"": {}\n    },\n    {\n      ""type"": ""hc05"",\n      ""id"": ""serial"",\n      ""top"": 250,\n      ""left"": 50,\n      ""attrs"": {}\n    }\n  ],\n  ""connections"": [\n    [\n      ""lcd:GND"",\n      ""esp:GND"",\n      ""black"",\n      []\n    ],\n    [\n      ""lcd:VCC"",\n      ""esp:3V3"",\n      ""red"",\n      []\n    ],\n    [\n      ""lcd:SDA"",\n      ""esp:D23"",\n      ""green"",\n      []\n    ],\n    [\n      ""lcd:SCL"",\n      ""esp:D18"",\n      ""green"",\n      []\n    ],\n    [\n      ""lcd:GND"",\n      ""serial:GND"",\n      ""black"",\n      []\n    ],\n    [\n      ""esp:TX0"",\n      ""serial:RX"",\n      ""green"",\n      []\n    ],\n    [\n      ""esp:RX0"",\n      ""serial:TX"",\n      ""green"",\n      []\n    ],\n    [\n      ""lcd:CS"",\n      ""esp:D15"",\n      ""green"",\n      []\n    ],\n    [\n      ""lcd:DC"",\n      ""esp:D2"",\n      ""green"",\n      []\n    ],\n    [\n      ""lcd:RST"",\n      ""esp:D4"",\n      ""green"",\n      []\n    ]\n  ]\n}"
"Create a circuit with an ESP32-C3-DevKitM-1 board, having 16MB of flash memory, and establish a serial communication connection between the board's TX and RX pins and a serial monitor, configured to display as a terminal and convert end-of-line characters, allowing for bidirectional data transmission between the ESP32 board and the serial monitor.","{\n  ""version"": 1,\n  ""author"": ""Shakib"",\n  ""parts"": [\n    {\n      ""type"": ""esp32-devkit-v1"",\n      ""id"": ""esp32"",\n      ""top"": 100,\n      ""left"": 200,\n      ""attrs"": {\n        ""value"": ""16MB Flash""\n      }\n    },\n    {\n      ""type"": ""hc05"",\n      ""id"": ""serial-monitor"",\n      ""top"": 100,\n      ""left"": 450,\n      ""attrs"": {\n        ""value"": ""Serial Monitor""\n      }\n    }\n  ],\n  ""connections"": [\n    [\n      ""esp32:TX0"",\n      ""serial-monitor:RX"",\n      ""blue"",\n      []\n    ],\n    [\n      ""esp32:RX0"",\n      ""serial-monitor:TX"",\n      ""red"",\n      []\n    ],\n    [\n      ""esp32:GND"",\n      ""serial-monitor:GND"",\n      ""black"",\n      []\n    ],\n    [\n      ""esp32:3V3"",\n      ""serial-monitor:VCC"",\n      ""green"",\n      []\n    ]\n  ]\n}"
"Create a circuit that includes an ESP32 development board, which is connected to an ultrasonic sensor, an RGB LED, and a buzzer. The ultrasonic sensor should have its VCC connected to the ESP32's 5V pin, its GND connected to the ESP32's GND, its ECHO pin connected to the ESP32's pin 4, and its TRIG pin connected to the ESP32's pin 2. The RGB LED should have its red, green, and blue pins connected to the ESP32's pins 12, 13, and 14 respectively, through 220-ohm resistors. The RGB LED's common pin should be connected to the ESP32's GND. The buzzer should have one pin connected to the ESP32's pin 15 and the other pin connected to the ESP32's GND, with its volume set to a low level. The circuit should also have serial communication connections between the ESP32 and a serial monitor.","{\n  ""version"": 1,\n  ""author"": ""Circuit Designer"",\n  ""parts"": [\n    {\n      ""type"": ""esp32-devkit-v1"",\n      ""id"": ""esp32"",\n      ""top"": 100,\n      ""left"": 50,\n      ""attrs"": {}\n    },\n    {\n      ""type"": ""hc-sr04"",\n      ""id"": ""ultrasonic"",\n      ""top"": 100,\n      ""left"": 350,\n      ""attrs"": {}\n    },\n    {\n      ""type"": ""led"",\n      ""id"": ""led-red"",\n      ""top"": 250,\n      ""left"": 200,\n      ""attrs"": {}\n    },\n    {\n      ""type"": ""resistor"",\n      ""id"": ""resistor-red"",\n      ""top"": 220,\n      ""left"": 220,\n      ""attrs"": {\n        ""value"": ""220""\n      }\n    },\n    {\n      ""type"": ""led"",\n      ""id"": ""led-green"",\n      ""top"": 250,\n      ""left"": 250,\n      ""attrs"": {}\n    },\n    {\n      ""type"": ""resistor"",\n      ""id"": ""resistor-green"",\n      ""top"": 220,\n      ""left"": 270,\n      ""attrs"": {\n        ""value"": ""220""\n      }\n    },\n    {\n      ""type"": ""led"",\n      ""id"": ""led-blue"",\n      ""top"": 250,\n      ""left"": 300,\n      ""attrs"": {}\n    },\n    {\n      ""type"": ""resistor"",\n      ""id"": ""resistor-blue"",\n      ""top"": 220,\n      ""left"": 290,\n      ""attrs"": {\n        ""value"": ""220""\n      }\n    },\n    {\n      ""type"": ""buzzer"",\n      ""id"": ""buzzer"",\n      ""top"": 300,\n      ""left"": 250,\n      ""attrs"": {}\n    }\n  ],\n  ""connections"": [\n    [\n      ""ultrasonic:VCC"",\n      ""esp32:5V"",\n      ""red"",\n      []\n    ],\n    [\n      ""ultrasonic:GND"",\n      ""esp32:GND"",\n      ""black"",\n      []\n    ],\n    [\n      ""ultrasonic:ECHO"",\n      ""esp32:D4"",\n      ""blue"",\n      []\n    ],\n    [\n      ""ultrasonic:TRIG"",\n      ""esp32:D2"",\n      ""green"",\n      []\n    ],\n    [\n      ""resistor-red:1"",\n      ""esp32:D12"",\n      ""orange"",\n      []\n    ],\n    [\n      ""resistor-red:2"",\n      ""led-red:-"",\n      ""purple"",\n      []\n    ],\n    [\n      ""led-red:+"",\n      ""esp32:GND"",\n      ""brown"",\n      []\n    ],\n    [\n      ""resistor-green:1"",\n      ""esp32:D13"",\n      ""pink"",\n      []\n    ],\n    [\n      ""resistor-green:2"",\n      ""led-green:-"",\n      ""turquoise"",\n      []\n    ],\n    [\n      ""led-green:+"",\n      ""esp32:GND"",\n      ""silver"",\n      []\n    ],\n    [\n      ""resistor-blue:1"",\n      ""esp32:D14"",\n      ""violet"",\n      []\n    ],\n    [\n      ""resistor-blue:2"",\n      ""led-blue:-"",\n      ""grey"",\n      []\n    ],\n    [\n      ""led-blue:+"",\n      ""esp32:GND"",\n      ""cyan"",\n      []\n    ],\n    [\n      ""buzzer:VCC"",\n      ""esp32:D15"",\n      ""yellow"",\n      []\n    ],\n    [\n      ""buzzer:GND"",\n      ""esp32:GND"",\n      ""magenta"",\n      []\n    ],\n    [\n      ""esp32:TX0"",\n      ""esp32:RX0"",\n      ""white"",\n      []\n    ]\n  ]\n}"
"Create a circuit with a microcontroller connected to a breadboard, where the microcontroller is linked to a Seven Segment Display, an LCD 16x2 display, and an LED. The circuit should also include a Rotary Encoder, a Pushbutton, and a Potentiometer connected to the breadboard. Additionally, the circuit should have a DPDT Relay and an IR Receiver connected to the microcontroller. The microcontroller should be powered by a VCC Symbol and have a GND Symbol for grounding. The circuit should be designed to allow the microcontroller to control the displays and the LED based on input from the Rotary Encoder, Pushbutton, and Potentiometer.","{\n  ""version"": 1,\n  ""author"": ""Shakib"",\n  ""parts"": [\n    {\n      ""type"": ""arduino-uno"",\n      ""id"": ""arduino"",\n      ""top"": 50,\n      ""left"": 100,\n      ""attrs"": {}\n    },\n    {\n      ""type"": ""7-segment-display"",\n      ""id"": ""sevenSegment"",\n      ""top"": 250,\n      ""left"": 50,\n      ""attrs"": {}\n    },\n    {\n      ""type"": ""lcd-i2c"",\n      ""id"": ""lcd"",\n      ""top"": 50,\n      ""left"": 400,\n      ""attrs"": {}\n    },\n    {\n      ""type"": ""led"",\n      ""id"": ""led"",\n      ""top"": 200,\n      ""left"": 400,\n      ""attrs"": {}\n    },\n    {\n      ""type"": ""rotary-encoder"",\n      ""id"": ""rotaryEncoder"",\n      ""top"": 300,\n      ""left"": 100,\n      ""attrs"": {}\n    },\n    {\n      ""type"": ""push-button"",\n      ""id"": ""pushButton"",\n      ""top"": 350,\n      ""left"": 250,\n      ""attrs"": {}\n    },\n    {\n      ""type"": ""potentiometer"",\n      ""id"": ""potentiometer"",\n      ""top"": 300,\n      ""left"": 250,\n      ""attrs"": {}\n    },\n    {\n      ""type"": ""dpdt-relay"",\n      ""id"": ""relay"",\n      ""top"": 200,\n      ""left"": 250,\n      ""attrs"": {}\n    },\n    {\n      ""type"": ""ir-receiver"",\n      ""id"": ""irReceiver"",\n      ""top"": 150,\n      ""left"": 250,\n      ""attrs"": {}\n    },\n    {\n      ""type"": ""vcc-symbol"",\n      ""id"": ""vcc"",\n      ""top"": 20,\n      ""left"": 150,\n      ""attrs"": {}\n    },\n    {\n      ""type"": ""gnd-symbol"",\n      ""id"": ""gnd"",\n      ""top"": 420,\n      ""left"": 150,\n      ""attrs"": {}\n    }\n  ],\n  ""connections"": [\n    [\n      ""arduino:5V"",\n      ""vcc:VCC"",\n      ""red"",\n      []\n    ],\n    [\n      ""arduino:GND"",\n      ""gnd:GND"",\n      ""black"",\n      []\n    ],\n    [\n      ""arduino:D2"",\n      ""sevenSegment:b"",\n      ""blue"",\n      []\n    ],\n    [\n      ""arduino:D3"",\n      ""sevenSegment:a"",\n      ""green"",\n      []\n    ],\n    [\n      ""arduino:D4"",\n      ""sevenSegment:com"",\n      ""yellow"",\n      []\n    ],\n    [\n      ""arduino:D5"",\n      ""sevenSegment:f"",\n      ""purple"",\n      []\n    ],\n    [\n      ""arduino:D6"",\n      ""sevenSegment:g"",\n      ""orange"",\n      []\n    ],\n    [\n      ""arduino:D7"",\n      ""sevenSegment:DP"",\n      ""pink"",\n      []\n    ],\n    [\n      ""arduino:D8"",\n      ""sevenSegment:c"",\n      ""brown"",\n      []\n    ],\n    [\n      ""arduino:D9"",\n      ""sevenSegment:com1"",\n      ""grey"",\n      []\n    ],\n    [\n      ""arduino:D10"",\n      ""sevenSegment:d"",\n      ""turquoise"",\n      []\n    ],\n    [\n      ""arduino:D11"",\n      ""sevenSegment:e"",\n      ""silver"",\n      []\n    ],\n    [\n      ""arduino:A0"",\n      ""lcd:GND"",\n      ""white"",\n      []\n    ],\n    [\n      ""arduino:A1"",\n      ""lcd:VCC"",\n      ""violet"",\n      []\n    ],\n    [\n      ""arduino:A2"",\n      ""lcd:SDA"",\n      ""peach"",\n      []\n    ],\n    [\n      ""arduino:A3"",\n      ""lcd:SCL"",\n      ""magenta"",\n      []\n    ],\n    [\n      ""arduino:D12"",\n      ""led:+"",\n      ""cyan"",\n      []\n    ],\n    [\n      ""led:-"",\n      ""gnd:GND"",\n      ""black"",\n      []\n    ],\n    [\n      ""arduino:A4"",\n      ""rotaryEncoder:VCC"",\n      ""navy"",\n      []\n    ],\n    [\n      ""arduino:A5"",\n      ""rotaryEncoder:GND"",\n      ""lime"",\n      []\n    ],\n    [\n      ""arduino:D13"",\n      ""pushButton:1"",\n      ""coral"",\n      []\n    ],\n    [\n      ""pushButton:2"",\n      ""gnd:GND"",\n      ""black"",\n      []\n    ],\n    [\n      ""arduino:A6"",\n      ""potentiometer:VCC"",\n      ""teal"",\n      []\n    ],\n    [\n      ""arduino:A7"",\n      ""potentiometer:GND"",\n      ""charcoal"",\n      []\n    ],\n    [\n      ""arduino:D14"",\n      ""relay:IN1"",\n      ""crimson"",\n      []\n    ],\n    [\n      ""relay:IN2"",\n      ""gnd:GND"",\n      ""black"",\n      []\n    ],\n    [\n      ""arduino:RX0"",\n      ""irReceiver:RX"",\n      ""tan"",\n      []\n    ],\n    [\n      ""irReceiver:VCC"",\n      ""vcc:VCC"",\n      ""red"",\n      []\n    ],\n    [\n      ""irReceiver:GND"",\n      ""gnd:GND"",\n      ""black"",\n      []\n    ]\n  ]\n}"
"Create a circuit with an ESP32 DevKit C V4 microcontroller connected to two A4988 stepper motor drivers. Each driver should be connected to a separate stepper motor, with one motor displaying its angle. The circuit should include power and ground connections, with the microcontroller's 3V3 pin connected to the VDD pin of both drivers. The ESP32 should have its TX and RX pins connected to a serial monitor. The first driver should have its DIR and STEP pins connected to the ESP32's pins 18 and 19, respectively, and its ENABLE pin connected to the ESP32's pin 23. The second driver should have its DIR and STEP pins connected to the ESP32's pins 16 and 17, respectively, and its ENABLE pin connected to the ESP32's pin 23. Both drivers should have their SLEEP and RESET pins connected together. The circuit should have separate VCC and GND connections for each driver and motor.","{\n  ""version"": 1,\n  ""author"": ""Shakib"",\n  ""parts"": [\n    {\n      ""type"": ""esp32-devkit-v1"",\n      ""id"": ""esp"",\n      ""top"": 50,\n      ""left"": 100,\n      ""attrs"": {}\n    },\n    {\n      ""type"": ""l298n"",\n      ""id"": ""driver1"",\n      ""top"": 200,\n      ""left"": 50,\n      ""attrs"": {}\n    },\n    {\n      ""type"": ""stepper-motor"",\n      ""id"": ""motor1"",\n      ""top"": 300,\n      ""left"": 50,\n      ""attrs"": {}\n    },\n    {\n      ""type"": ""l298n"",\n      ""id"": ""driver2"",\n      ""top"": 200,\n      ""left"": 350,\n      ""attrs"": {}\n    },\n    {\n      ""type"": ""stepper-motor"",\n      ""id"": ""motor2"",\n      ""top"": 300,\n      ""left"": 350,\n      ""attrs"": {}\n    },\n    {\n      ""type"": ""lcd-i2c"",\n      ""id"": ""lcd"",\n      ""top"": 400,\n      ""left"": 100,\n      ""attrs"": {}\n    }\n  ],\n  ""connections"": [\n    [\n      ""esp:3V3"",\n      ""driver1:5V"",\n      ""red"",\n      []\n    ],\n    [\n      ""esp:3V3"",\n      ""driver2:5V"",\n      ""red"",\n      []\n    ],\n    [\n      ""esp:GND"",\n      ""driver1:GND"",\n      ""black"",\n      []\n    ],\n    [\n      ""esp:GND"",\n      ""driver2:GND"",\n      ""black"",\n      []\n    ],\n    [\n      ""esp:GND"",\n      ""motor1:1"",\n      ""black"",\n      []\n    ],\n    [\n      ""esp:GND"",\n      ""motor2:1"",\n      ""black"",\n      []\n    ],\n    [\n      ""driver1:OUT1"",\n      ""motor1:1"",\n      ""blue"",\n      []\n    ],\n    [\n      ""driver1:OUT2"",\n      ""motor1:2"",\n      ""blue"",\n      []\n    ],\n    [\n      ""driver1:OUT3"",\n      ""motor1:3"",\n      ""blue"",\n      []\n    ],\n    [\n      ""driver1:OUT4"",\n      ""motor1:4"",\n      ""blue"",\n      []\n    ],\n    [\n      ""driver2:OUT1"",\n      ""motor2:1"",\n      ""blue"",\n      []\n    ],\n    [\n      ""driver2:OUT2"",\n      ""motor2:2"",\n      ""blue"",\n      []\n    ],\n    [\n      ""driver2:OUT3"",\n      ""motor2:3"",\n      ""blue"",\n      []\n    ],\n    [\n      ""driver2:OUT4"",\n      ""motor2:4"",\n      ""blue"",\n      []\n    ],\n    [\n      ""esp:D18"",\n      ""driver1:IN1"",\n      ""green"",\n      []\n    ],\n    [\n      ""esp:D19"",\n      ""driver1:IN2"",\n      ""green"",\n      []\n    ],\n    [\n      ""esp:D23"",\n      ""driver1:ENA"",\n      ""green"",\n      []\n    ],\n    [\n      ""esp:D16"",\n      ""driver2:IN1"",\n      ""green"",\n      []\n    ],\n    [\n      ""esp:D17"",\n      ""driver2:IN2"",\n      ""green"",\n      []\n    ],\n    [\n      ""esp:D23"",\n      ""driver2:ENA"",\n      ""green"",\n      []\n    ],\n    [\n      ""driver1:IN3"",\n      ""driver1:IN4"",\n      ""brown"",\n      []\n    ],\n    [\n      ""driver2:IN3"",\n      ""driver2:IN4"",\n      ""brown"",\n      []\n    ],\n    [\n      ""esp:TX0"",\n      ""lcd:TX"",\n      ""purple"",\n      []\n    ],\n    [\n      ""esp:RX0"",\n      ""lcd:RX"",\n      ""purple"",\n      []\n    ]\n  ]\n}"
"Create a circuit with an ESP32 DevKit C V4 microcontroller connected to an SSD1306 OLED display via I2C. The OLED display should have an I2C address of 0x3C. The circuit should include four LEDs: one red, one green, and two orange. The red LED should be connected to the ESP32's pin 25 through a 220-ohm resistor. The green LED should be connected to the ESP32's pin 32 through a 220-ohm resistor. One orange LED should be connected to the ESP32's pin 26, and the other orange LED should be connected to the ESP32's pin 33, both through the same 220-ohm resistors as the red and green LEDs.The circuit should also include two pushbuttons: one red and one green. The red pushbutton should be connected to the ESP32's pin 12, and the green pushbutton should be connected to the ESP32's pin 13, both through a 10k-ohm resistor.Additionally, the circuit should include an IR receiver connected to the ESP32's pin 34, and an IR remote. All components should be connected to the ESP32's power and ground pins as necessary. The circuit should be designed to allow for serial communication with a serial monitor.","{\n  ""version"": 1,\n  ""author"": ""Shakib"",\n  ""parts"": [\n    {\n      ""type"": ""esp32-devkit-v1"",\n      ""id"": ""esp"",\n      ""top"": 50,\n      ""left"": 150,\n      ""attrs"": {}\n    },\n    {\n      ""type"": ""lcd-i2c"",\n      ""id"": ""oled"",\n      ""top"": 250,\n      ""left"": 150,\n      ""attrs"": {\n        ""value"": ""0x3C""\n      }\n    },\n    {\n      ""type"": ""led"",\n      ""id"": ""red-led"",\n      ""top"": 120,\n      ""left"": 400,\n      ""attrs"": {\n        ""value"": ""red""\n      }\n    },\n    {\n      ""type"": ""resistor"",\n      ""id"": ""r1"",\n      ""top"": 100,\n      ""left"": 350,\n      ""attrs"": {\n        ""value"": ""220""\n      }\n    },\n    {\n      ""type"": ""led"",\n      ""id"": ""green-led"",\n      ""top"": 180,\n      ""left"": 400,\n      ""attrs"": {\n        ""value"": ""green""\n      }\n    },\n    {\n      ""type"": ""resistor"",\n      ""id"": ""r2"",\n      ""top"": 160,\n      ""left"": 350,\n      ""attrs"": {\n        ""value"": ""220""\n      }\n    },\n    {\n      ""type"": ""led"",\n      ""id"": ""orange-led1"",\n      ""top"": 120,\n      ""left"": 500,\n      ""attrs"": {\n        ""value"": ""orange""\n      }\n    },\n    {\n      ""type"": ""resistor"",\n      ""id"": ""r3"",\n      ""top"": 100,\n      ""left"": 450,\n      ""attrs"": {\n        ""value"": ""220""\n      }\n    },\n    {\n      ""type"": ""led"",\n      ""id"": ""orange-led2"",\n      ""top"": 180,\n      ""left"": 500,\n      ""attrs"": {\n        ""value"": ""orange""\n      }\n    },\n    {\n      ""type"": ""resistor"",\n      ""id"": ""r4"",\n      ""top"": 160,\n      ""left"": 450,\n      ""attrs"": {\n        ""value"": ""220""\n      }\n    },\n    {\n      ""type"": ""push-button"",\n      ""id"": ""red-button"",\n      ""top"": 250,\n      ""left"": 400,\n      ""attrs"": {\n        ""value"": ""red""\n      }\n    },\n    {\n      ""type"": ""resistor"",\n      ""id"": ""r5"",\n      ""top"": 230,\n      ""left"": 350,\n      ""attrs"": {\n        ""value"": ""10k""\n      }\n    },\n    {\n      ""type"": ""push-button"",\n      ""id"": ""green-button"",\n      ""top"": 300,\n      ""left"": 400,\n      ""attrs"": {\n        ""value"": ""green""\n      }\n    },\n    {\n      ""type"": ""resistor"",\n      ""id"": ""r6"",\n      ""top"": 280,\n      ""left"": 350,\n      ""attrs"": {\n        ""value"": ""10k""\n      }\n    },\n    {\n      ""type"": ""ir-receiver"",\n      ""id"": ""ir-receiver"",\n      ""top"": 200,\n      ""left"": 600,\n      ""attrs"": {}\n    }\n  ],\n  ""connections"": [\n    [\n      ""oled:GND"",\n      ""esp:GND"",\n      ""black"",\n      []\n    ],\n    [\n      ""oled:VCC"",\n      ""esp:3V3"",\n      ""red"",\n      []\n    ],\n    [\n      ""oled:SDA"",\n      ""esp:D21"",\n      ""yellow"",\n      []\n    ],\n    [\n      ""oled:SCL"",\n      ""esp:D22"",\n      ""blue"",\n      []\n    ],\n    [\n      ""red-led:-"",\n      ""r1:2"",\n      ""purple"",\n      []\n    ],\n    [\n      ""r1:1"",\n      ""esp:D25"",\n      ""pink"",\n      []\n    ],\n    [\n      ""green-led:-"",\n      ""r2:2"",\n      ""brown"",\n      []\n    ],\n    [\n      ""r2:1"",\n      ""esp:D32"",\n      ""grey"",\n      []\n    ],\n    [\n      ""orange-led1:-"",\n      ""r3:2"",\n      ""turquoise"",\n      []\n    ],\n    [\n      ""r3:1"",\n      ""esp:D26"",\n      ""silver"",\n      []\n    ],\n    [\n      ""orange-led2:-"",\n      ""r4:2"",\n      ""violet"",\n      []\n    ],\n    [\n      ""r4:1"",\n      ""esp:D33"",\n      ""orange"",\n      []\n    ],\n    [\n      ""red-button:1"",\n      ""r5:2"",\n      ""green"",\n      []\n    ],\n    [\n      ""r5:1"",\n      ""esp:D12"",\n      ""white"",\n      []\n    ],\n    [\n      ""green-button:1"",\n      ""r6:2"",\n      ""cyan"",\n      []\n    ],\n    [\n      ""r6:1"",\n      ""esp:D13"",\n      ""magenta"",\n      []\n    ],\n    [\n      ""ir-receiver:GND"",\n      ""esp:GND"",\n      ""black"",\n      []\n    ],\n    [\n      ""ir-receiver:VCC"",\n      ""esp:3V3"",\n      ""red"",\n      []\n    ],\n    [\n      ""ir-receiver:D"",\n      ""esp:D34"",\n      ""blue"",\n      []\n    ]\n  ]\n}"
"Create a circuit with an ESP32 DevKit C V4 board as the main microcontroller. The board should be connected to a serial monitor for communication.  The circuit should include three LEDs, each representing a different status: red for ""closed"", orange for ""run"", and green for ""open"". These LEDs should be connected to the ESP32 board through a 100-ohm resistor. Add two slide switches, one labeled ""sw_open"" and the other labeled ""sw_close"", both connected to the ESP32 board and to ground. The ""sw_close"" switch should have a default value of 1. Include two pushbuttons, one labeled ""control"" with a green color and the other labeled ""reset"" with a red color. Both pushbuttons should be connected to the ESP32 board, with the ""reset"" button also connected to ground. Add a membrane keypad with 3 columns and keys labeled 1-9, *, 0, and A. The keypad should be connected to the ESP32 board. The circuit should have various text labels, including ""sw-open"" and ""sw-closed"", to provide visual indication of the switch states.All connections should be made using black, red, orange, white, lime green, and gray wires, with specific routing to match the described layout.","{\n  ""version"": 1,\n  ""author"": ""Shakib"",\n  ""parts"": [\n    {\n      ""type"": ""esp32-devkit-v1"",\n      ""id"": ""esp32"",\n      ""top"": 50,\n      ""left"": 200,\n      ""attrs"": {}\n    },\n    {\n      ""type"": ""led"",\n      ""id"": ""led_red"",\n      ""top"": 150,\n      ""left"": 50,\n      ""attrs"": {\n        ""value"": ""Red"",\n        ""color"": ""red""\n      }\n    },\n    {\n      ""type"": ""resistor"",\n      ""id"": ""r1"",\n      ""top"": 120,\n      ""left"": 100,\n      ""attrs"": {\n        ""value"": ""100""\n      }\n    },\n    {\n      ""type"": ""led"",\n      ""id"": ""led_orange"",\n      ""top"": 200,\n      ""left"": 50,\n      ""attrs"": {\n        ""value"": ""Orange"",\n        ""color"": ""orange""\n      }\n    },\n    {\n      ""type"": ""resistor"",\n      ""id"": ""r2"",\n      ""top"": 170,\n      ""left"": 100,\n      ""attrs"": {\n        ""value"": ""100""\n      }\n    },\n    {\n      ""type"": ""led"",\n      ""id"": ""led_green"",\n      ""top"": 250,\n      ""left"": 50,\n      ""attrs"": {\n        ""value"": ""Green"",\n        ""color"": ""green""\n      }\n    },\n    {\n      ""type"": ""resistor"",\n      ""id"": ""r3"",\n      ""top"": 220,\n      ""left"": 100,\n      ""attrs"": {\n        ""value"": ""100""\n      }\n    },\n    {\n      ""type"": ""push-button"",\n      ""id"": ""sw_open"",\n      ""top"": 300,\n      ""left"": 50,\n      ""attrs"": {\n        ""label"": ""sw_open""\n      }\n    },\n    {\n      ""type"": ""push-button"",\n      ""id"": ""sw_close"",\n      ""top"": 300,\n      ""left"": 150,\n      ""attrs"": {\n        ""label"": ""sw_close"",\n        ""default"": ""1""\n      }\n    },\n    {\n      ""type"": ""push-button"",\n      ""id"": ""control"",\n      ""top"": 350,\n      ""left"": 50,\n      ""attrs"": {\n        ""label"": ""control"",\n        ""color"": ""green""\n      }\n    },\n    {\n      ""type"": ""push-button"",\n      ""id"": ""reset"",\n      ""top"": 350,\n      ""left"": 150,\n      ""attrs"": {\n        ""label"": ""reset"",\n        ""color"": ""red""\n      }\n    },\n    {\n      ""type"": ""micro-sd-card"",\n      ""id"": ""keypad"",\n      ""top"": 400,\n      ""left"": 200,\n      ""attrs"": {\n        ""label"": ""Keypad"",\n        ""columns"": ""3""\n      }\n    }\n  ],\n  ""connections"": [\n    [\n      ""led_red:+"",\n      ""r1:1"",\n      ""red"",\n      []\n    ],\n    [\n      ""r1:2"",\n      ""esp32:D21"",\n      ""orange"",\n      []\n    ],\n    [\n      ""led_orange:+"",\n      ""r2:1"",\n      ""orange"",\n      []\n    ],\n    [\n      ""r2:2"",\n      ""esp32:D22"",\n      ""white"",\n      []\n    ],\n    [\n      ""led_green:+"",\n      ""r3:1"",\n      ""lime"",\n      []\n    ],\n    [\n      ""r3:2"",\n      ""esp32:D23"",\n      ""gray"",\n      []\n    ],\n    [\n      ""sw_open:1"",\n      ""esp32:D15"",\n      ""black"",\n      []\n    ],\n    [\n      ""sw_open:2"",\n      ""esp32:GND"",\n      ""black"",\n      []\n    ],\n    [\n      ""sw_close:1"",\n      ""esp32:D14"",\n      ""black"",\n      []\n    ],\n    [\n      ""sw_close:2"",\n      ""esp32:GND"",\n      ""black"",\n      []\n    ],\n    [\n      ""control:1"",\n      ""esp32:D2"",\n      ""green"",\n      []\n    ],\n    [\n      ""control:2"",\n      ""esp32:GND"",\n      ""green"",\n      []\n    ],\n    [\n      ""reset:1"",\n      ""esp32:D4"",\n      ""red"",\n      []\n    ],\n    [\n      ""reset:2"",\n      ""esp32:GND"",\n      ""red"",\n      []\n    ],\n    [\n      ""keypad:DI"",\n      ""esp32:D5"",\n      ""black"",\n      []\n    ],\n    [\n      ""keypad:DO"",\n      ""esp32:D18"",\n      ""black"",\n      []\n    ],\n    [\n      ""keypad:CS"",\n      ""esp32:D19"",\n      ""black"",\n      []\n    ],\n    [\n      ""keypad:CD"",\n      ""esp32:D21"",\n      ""black"",\n      []\n    ],\n    [\n      ""keypad:SCK"",\n      ""esp32:D22"",\n      ""black"",\n      []\n    ],\n    [\n      ""keypad:VCC"",\n      ""esp32:3V3"",\n      ""red"",\n      []\n    ],\n    [\n      ""keypad:GND"",\n      ""esp32:GND"",\n      ""black"",\n      []\n    ]\n  ]\n}"
"Create a circuit with an ESP32 DevKit C V4 board as the main component. The board should be connected to a serial monitor for communication. Add two green pushbuttons, btn1 and btn2, to the circuit. Each button should be connected to the ESP32 board, with btn1 connected to pin 23 and btn2 connected to pin 22. Include two 1kΩ resistors, r1 and r2, in the circuit, both connected to the respective pushbuttons and rotated 90 degrees. The resistors should also be connected to each other and to the ground pin of the ESP32 board. The pushbuttons should be connected to the 3V3 power supply of the ESP32 board through a red wire. The circuit should allow for serial communication between the ESP32 board and the serial monitor.","{\n  ""version"": 1,\n  ""author"": ""Shakib"",\n  ""parts"": [\n    {\n      ""type"": ""esp32-devkit-v1"",\n      ""id"": ""esp"",\n      ""top"": 100,\n      ""left"": 200,\n      ""attrs"": {}\n    },\n    {\n      ""type"": ""push-button"",\n      ""id"": ""btn1"",\n      ""top"": 50,\n      ""left"": 150,\n      ""attrs"": {}\n    },\n    {\n      ""type"": ""push-button"",\n      ""id"": ""btn2"",\n      ""top"": 50,\n      ""left"": 300,\n      ""attrs"": {}\n    },\n    {\n      ""type"": ""resistor"",\n      ""id"": ""r1"",\n      ""top"": 120,\n      ""left"": 170,\n      ""rotate"": 90,\n      ""attrs"": {\n        ""value"": ""1kΩ""\n      }\n    },\n    {\n      ""type"": ""resistor"",\n      ""id"": ""r2"",\n      ""top"": 120,\n      ""left"": 320,\n      ""rotate"": 90,\n      ""attrs"": {\n        ""value"": ""1kΩ""\n      }\n    },\n    {\n      ""type"": ""lcd-i2c"",\n      ""id"": ""serial-monitor"",\n      ""top"": 250,\n      ""left"": 200,\n      ""attrs"": {}\n    }\n  ],\n  ""connections"": [\n    [\n      ""btn1:1"",\n      ""esp:D23"",\n      ""blue"",\n      []\n    ],\n    [\n      ""btn1:2"",\n      ""r1:1"",\n      ""red"",\n      []\n    ],\n    [\n      ""r1:2"",\n      ""r2:1"",\n      ""purple"",\n      []\n    ],\n    [\n      ""r2:2"",\n      ""esp:GND"",\n      ""brown"",\n      []\n    ],\n    [\n      ""btn2:1"",\n      ""esp:D22"",\n      ""blue"",\n      []\n    ],\n    [\n      ""btn2:2"",\n      ""r2:2"",\n      ""red"",\n      []\n    ],\n    [\n      ""btn1:1"",\n      ""esp:3V3"",\n      ""red"",\n      []\n    ],\n    [\n      ""btn2:1"",\n      ""esp:3V3"",\n      ""red"",\n      []\n    ],\n    [\n      ""serial-monitor:TX0"",\n      ""esp:RX0"",\n      ""green"",\n      []\n    ],\n    [\n      ""serial-monitor:RX0"",\n      ""esp:TX0"",\n      ""orange"",\n      []\n    ],\n    [\n      ""serial-monitor:GND"",\n      ""esp:GND"",\n      ""black"",\n      []\n    ],\n    [\n      ""serial-monitor:VCC"",\n      ""esp:3V3"",\n      ""yellow"",\n      []\n    ]\n  ]\n}"
"Create a circuit with an ESP32 microcontroller as the central component, connected to a DHT22 temperature and humidity sensor, a red LED, a 1kΩ resistor, a servo motor, and a 16-pixel LED ring. The ESP32 should have serial communication connections. The DHT22 sensor should be connected to the ESP32's 3V3 power supply and GND, as well as to a digital pin for data transmission. The red LED should be connected in series with the 1kΩ resistor to a digital pin on the ESP32 and to GND. The servo motor should be connected to a digital pin on the ESP32 for PWM control, as well as to the 3V3 power supply and GND. The LED ring should be connected to a digital pin on the ESP32 for data transmission, as well as to the 3V3 power supply and GND.","{\n  ""version"": 1,\n  ""author"": ""Shakib"",\n  ""editor"": ""CircuitJson Editor"",\n  ""parts"": [\n    {\n      ""type"": ""esp32-devkit-v1"",\n      ""id"": ""esp32"",\n      ""top"": 100,\n      ""left"": 300,\n      ""attrs"": {}\n    },\n    {\n      ""type"": ""dht22"",\n      ""id"": ""dht22"",\n      ""top"": 50,\n      ""left"": 500,\n      ""attrs"": {}\n    },\n    {\n      ""type"": ""led"",\n      ""id"": ""led"",\n      ""top"": 200,\n      ""left"": 500,\n      ""attrs"": {}\n    },\n    {\n      ""type"": ""resistor"",\n      ""id"": ""resistor"",\n      ""top"": 220,\n      ""left"": 450,\n      ""attrs"": {\n        ""value"": ""1kΩ""\n      }\n    },\n    {\n      ""type"": ""servo"",\n      ""id"": ""servo"",\n      ""top"": 250,\n      ""left"": 600,\n      ""attrs"": {}\n    },\n    {\n      ""type"": ""7-segment-display"",\n      ""id"": ""led-ring"",\n      ""top"": 300,\n      ""left"": 500,\n      ""attrs"": {}\n    }\n  ],\n  ""connections"": [\n    [\n      ""dht22:VCC"",\n      ""esp32:3V3"",\n      ""blue"",\n      []\n    ],\n    [\n      ""dht22:GND"",\n      ""esp32:GND"",\n      ""black"",\n      []\n    ],\n    [\n      ""dht22:DATA"",\n      ""esp32:D22"",\n      ""orange"",\n      []\n    ],\n    [\n      ""led:+"",\n      ""resistor:2"",\n      ""red"",\n      []\n    ],\n    [\n      ""resistor:1"",\n      ""esp32:D18"",\n      ""green"",\n      []\n    ],\n    [\n      ""led:-"",\n      ""esp32:GND"",\n      ""brown"",\n      []\n    ],\n    [\n      ""servo:VCC"",\n      ""esp32:3V3"",\n      ""pink"",\n      []\n    ],\n    [\n      ""servo:GND"",\n      ""esp32:GND"",\n      ""gray"",\n      []\n    ],\n    [\n      ""servo:DATA"",\n      ""esp32:D19"",\n      ""purple"",\n      []\n    ],\n    [\n      ""led-ring:b"",\n      ""esp32:D23"",\n      ""turquoise"",\n      []\n    ],\n    [\n      ""led-ring:VCC"",\n      ""esp32:3V3"",\n      ""silver"",\n      []\n    ],\n    [\n      ""led-ring:GND"",\n      ""esp32:GND"",\n      ""copper"",\n      []\n    ],\n    [\n      ""esp32:TX0"",\n      ""esp32:RX0"",\n      ""yellow"",\n      []\n    ]\n  ]\n}"
"Create a circuit consisting of an Arduino Mega microcontroller connected to an LCD 1602 display via I2C communication, with the LCD's power and ground connected to the Arduino's 5V and GND pins, and its SDA and SCL pins connected to the Arduino's A4 and A5 pins. The circuit should also include a Neopixel canvas with 16x16 pixels, serpentine matrix layout, and a pushbutton connected to the Arduino's digital pin 7, with the pushbutton's other terminal connected to the Arduino's ground. Additionally, the Neopixel canvas should be connected to the Arduino's digital pin 5. The circuit should be configured to display output on the serial monitor.","{\n  ""version"": 1,\n  ""author"": ""Circuit Designer"",\n  ""editor"": ""CircuitJson Editor"",\n  ""parts"": [\n    {\n      ""type"": ""arduino-mega"",\n      ""id"": ""arduino"",\n      ""top"": 50,\n      ""left"": 100,\n      ""attrs"": {}\n    },\n    {\n      ""type"": ""lcd-i2c"",\n      ""id"": ""lcd"",\n      ""top"": 150,\n      ""left"": 350,\n      ""attrs"": {}\n    },\n    {\n      ""type"": ""push-button"",\n      ""id"": ""button"",\n      ""top"": 250,\n      ""left"": 100,\n      ""attrs"": {}\n    },\n    {\n      ""type"": ""neopixel-canvas"",\n      ""id"": ""neopixel"",\n      ""top"": 300,\n      ""left"": 200,\n      ""attrs"": {\n        ""width"": 16,\n        ""height"": 16,\n        ""layout"": ""serpentine""\n      }\n    }\n  ],\n  ""connections"": [\n    [\n      ""lcd:VCC"",\n      ""arduino:5V"",\n      ""#FF0000"",\n      []\n    ],\n    [\n      ""lcd:GND"",\n      ""arduino:GND"",\n      ""#0000FF"",\n      []\n    ],\n    [\n      ""lcd:SDA"",\n      ""arduino:A4"",\n      ""#00FF00"",\n      []\n    ],\n    [\n      ""lcd:SCL"",\n      ""arduino:A5"",\n      ""#FFFF00"",\n      []\n    ],\n    [\n      ""button:1"",\n      ""arduino:D7"",\n      ""#FF00FF"",\n      []\n    ],\n    [\n      ""button:2"",\n      ""arduino:GND"",\n      ""#00FFFF"",\n      []\n    ],\n    [\n      ""neopixel:1"",\n      ""arduino:D5"",\n      ""#FF8000"",\n      []\n    ],\n    [\n      ""neopixel:2"",\n      ""arduino:GND"",\n      ""#8000FF"",\n      []\n    ]\n  ]\n}"
"Create a circuit with an Arduino Uno microcontroller connected to various components, including an LCD display, a DHT22 temperature and humidity sensor, a photoresistor sensor, a potentiometer, and several LEDs of different colors. The LCD display should be connected to the Arduino's digital pins 2-9 and should have its power and ground pins connected to the Arduino's 5V and GND pins. The DHT22 sensor should be connected to the Arduino's digital pin 7 and should have its power and ground pins connected to the Arduino's 5V and GND pins. The photoresistor sensor should be connected to the Arduino's analog pin 0 and should have its power and ground pins connected to the Arduino's 5V and GND pins. The potentiometer should be connected to the Arduino's analog pin 1 and should have its power and ground pins connected to the Arduino's 5V and GND pins. The LEDs should be connected to the Arduino's digital pins 2-13 and should have their ground pins connected to the Arduino's GND pin through resistors of 220 ohms. Additionally, include a 74HC595 shift register and several more LEDs, each connected to the shift register's output pins and to the Arduino's GND pin through resistors of 220 ohms. Include two pushbuttons, one connected to the Arduino's digital pin 2 and the other connected to the Arduino's digital pin 6, each with one terminal connected to the Arduino's GND pin. Include text labels to identify the different components, including ""Veleta"", ""Anemometro"", ""Calefactor"", ""Enfriador"", ""Pantalla ON"", ""LDR"", and ""Luces de Posicionamiento"".","{\n  ""version"": 1,\n  ""author"": ""Shakib"",\n  ""parts"": [\n    {\n      ""type"": ""arduino-uno"",\n      ""id"": ""arduino"",\n      ""top"": 50,\n      ""left"": 100,\n      ""attrs"": {}\n    },\n    {\n      ""type"": ""lcd-i2c"",\n      ""id"": ""lcd"",\n      ""top"": 50,\n      ""left"": 400,\n      ""attrs"": {}\n    },\n    {\n      ""type"": ""dht22"",\n      ""id"": ""dht22"",\n      ""top"": 200,\n      ""left"": 100,\n      ""attrs"": {}\n    },\n    {\n      ""type"": ""photo-resistor"",\n      ""id"": ""photoresistor"",\n      ""top"": 250,\n      ""left"": 100,\n      ""attrs"": {}\n    },\n    {\n      ""type"": ""potentiometer"",\n      ""id"": ""potentiometer"",\n      ""top"": 300,\n      ""left"": 100,\n      ""attrs"": {}\n    },\n    {\n      ""type"": ""led"",\n      ""id"": ""led1"",\n      ""top"": 150,\n      ""left"": 600,\n      ""attrs"": {}\n    },\n    {\n      ""type"": ""led"",\n      ""id"": ""led2"",\n      ""top"": 200,\n      ""left"": 600,\n      ""attrs"": {}\n    },\n    {\n      ""type"": ""led"",\n      ""id"": ""led3"",\n      ""top"": 250,\n      ""left"": 600,\n      ""attrs"": {}\n    },\n    {\n      ""type"": ""led"",\n      ""id"": ""led4"",\n      ""top"": 300,\n      ""left"": 600,\n      ""attrs"": {}\n    },\n    {\n      ""type"": ""led"",\n      ""id"": ""led5"",\n      ""top"": 350,\n      ""left"": 600,\n      ""attrs"": {}\n    },\n    {\n      ""type"": ""resistor"",\n      ""id"": ""r1"",\n      ""top"": 120,\n      ""left"": 550,\n      ""attrs"": {\n        ""value"": ""220""\n      }\n    },\n    {\n      ""type"": ""resistor"",\n      ""id"": ""r2"",\n      ""top"": 170,\n      ""left"": 550,\n      ""attrs"": {\n        ""value"": ""220""\n      }\n    },\n    {\n      ""type"": ""resistor"",\n      ""id"": ""r3"",\n      ""top"": 220,\n      ""left"": 550,\n      ""attrs"": {\n        ""value"": ""220""\n      }\n    },\n    {\n      ""type"": ""resistor"",\n      ""id"": ""r4"",\n      ""top"": 270,\n      ""left"": 550,\n      ""attrs"": {\n        ""value"": ""220""\n      }\n    },\n    {\n      ""type"": ""resistor"",\n      ""id"": ""r5"",\n      ""top"": 320,\n      ""left"": 550,\n      ""attrs"": {\n        ""value"": ""220""\n      }\n    },\n    {\n      ""type"": ""push-button"",\n      ""id"": ""button1"",\n      ""top"": 100,\n      ""left"": 750,\n      ""attrs"": {}\n    },\n    {\n      ""type"": ""push-button"",\n      ""id"": ""button2"",\n      ""top"": 250,\n      ""left"": 750,\n      ""attrs"": {}\n    }\n  ],\n  ""connections"": [\n    [\n      ""lcd:GND"",\n      ""arduino:GND"",\n      ""black"",\n      []\n    ],\n    [\n      ""lcd:VCC"",\n      ""arduino:5V"",\n      ""red"",\n      []\n    ],\n    [\n      ""lcd:SDA"",\n      ""arduino:D2"",\n      ""blue"",\n      []\n    ],\n    [\n      ""lcd:SCL"",\n      ""arduino:D3"",\n      ""green"",\n      []\n    ],\n    [\n      ""dht22:GND"",\n      ""arduino:GND"",\n      ""black"",\n      []\n    ],\n    [\n      ""dht22:VCC"",\n      ""arduino:5V"",\n      ""red"",\n      []\n    ],\n    [\n      ""dht22:DATA"",\n      ""arduino:D7"",\n      ""yellow"",\n      []\n    ],\n    [\n      ""photoresistor:GND"",\n      ""arduino:GND"",\n      ""black"",\n      []\n    ],\n    [\n      ""photoresistor:VCC"",\n      ""arduino:5V"",\n      ""red"",\n      []\n    ],\n    [\n      ""photoresistor:A0"",\n      ""arduino:A0"",\n      ""orange"",\n      []\n    ],\n    [\n      ""potentiometer:GND"",\n      ""arduino:GND"",\n      ""black"",\n      []\n    ],\n    [\n      ""potentiometer:VCC"",\n      ""arduino:5V"",\n      ""red"",\n      []\n    ],\n    [\n      ""potentiometer:A1"",\n      ""arduino:A1"",\n      ""purple"",\n      []\n    ],\n    [\n      ""led1:-"",\n      ""r1:1"",\n      ""brown"",\n      []\n    ],\n    [\n      ""r1:2"",\n      ""arduino:GND"",\n      ""black"",\n      []\n    ],\n    [\n      ""led1:+"",\n      ""arduino:D2"",\n      ""pink"",\n      []\n    ],\n    [\n      ""led2:-"",\n      ""r2:1"",\n      ""brown"",\n      []\n    ],\n    [\n      ""r2:2"",\n      ""arduino:GND"",\n      ""black"",\n      []\n    ],\n    [\n      ""led2:+"",\n      ""arduino:D3"",\n      ""turquoise"",\n      []\n    ],\n    [\n      ""led3:-"",\n      ""r3:1"",\n      ""brown"",\n      []\n    ],\n    [\n      ""r3:2"",\n      ""arduino:GND"",\n      ""black"",\n      []\n    ],\n    [\n      ""led3:+"",\n      ""arduino:D4"",\n      ""silver"",\n      []\n    ],\n    [\n      ""led4:-"",\n      ""r4:1"",\n      ""brown"",\n      []\n    ],\n    [\n      ""r4:2"",\n      ""arduino:GND"",\n      ""black"",\n      []\n    ],\n    [\n      ""led4:+"",\n      ""arduino:D5"",\n      ""gray"",\n      []\n    ],\n    [\n      ""led5:-"",\n      ""r5:1"",\n      ""brown"",\n      []\n    ],\n    [\n      ""r5:2"",\n      ""arduino:GND"",\n      ""black"",\n      []\n    ],\n    [\n      ""led5:+"",\n      ""arduino:D6"",\n      ""white"",\n      []\n    ],\n    [\n      ""button1:1"",\n      ""arduino:D2"",\n      ""pink"",\n      []\n    ],\n    [\n      ""button1:2"",\n      ""arduino:GND"",\n      ""black"",\n      []\n    ],\n    [\n      ""button2:1"",\n      ""arduino:D6"",\n      ""white"",\n      []\n    ],\n    [\n      ""button2:2"",\n      ""arduino:GND"",\n      ""black"",\n      []\n    ]\n  ]\n}"
Create a circuit with an ESP32 DevKit C V4 microcontroller board connected to a red LED and a green pushbutton. The LED should be connected to GPIO pin 2 of the ESP32 board and grounded to the board's GND pin. The pushbutton should be connected to GPIO pin 4 of the ESP32 board and also grounded to the board's GND pin. The ESP32 board should also be connected to a serial monitor for debugging purposes. The pushbutton should have an x-ray view enabled. The circuit should be designed to allow the ESP32 board to control the LED based on the state of the pushbutton.,"{\n  ""version"": 1,\n  ""author"": ""Shakib"",\n  ""parts"": [\n    {\n      ""type"": ""esp32-devkit-v1"",\n      ""id"": ""esp"",\n      ""top"": 100,\n      ""left"": 200,\n      ""attrs"": {}\n    },\n    {\n      ""type"": ""led"",\n      ""id"": ""led"",\n      ""top"": 250,\n      ""left"": 350,\n      ""attrs"": {}\n    },\n    {\n      ""type"": ""push-button"",\n      ""id"": ""button"",\n      ""top"": 250,\n      ""left"": 150,\n      ""attrs"": {\n        ""xray"": true\n      }\n    }\n  ],\n  ""connections"": [\n    [\n      ""led:+"",\n      ""esp:D2"",\n      ""#FF0000"",\n      []\n    ],\n    [\n      ""led:-"",\n      ""esp:GND"",\n      ""#000000"",\n      []\n    ],\n    [\n      ""button:1"",\n      ""esp:D4"",\n      ""#008000"",\n      []\n    ],\n    [\n      ""button:2"",\n      ""esp:GND"",\n      ""#808080"",\n      []\n    ],\n    [\n      ""esp:TX0"",\n      ""esp:RX0"",\n      ""#6495ED"",\n      []\n    ]\n  ]\n}"
"Create a dashboard with multiple sections, including a list of web applications with icons and links, such as Excalidraw, Photopea, and Arduino, as well as categories for resources, tools, learning platforms, games, and projects to showcase, incorporating various visual elements and interactive features.","{\n  ""version"": 1,\n  ""author"": ""Shakib"",\n  ""parts"": [\n    {\n      ""type"": ""lcd-i2c"",\n      ""id"": ""lcd"",\n      ""top"": 50,\n      ""left"": 100,\n      ""attrs"": {}\n    },\n    {\n      ""type"": ""esp32-devkit-v1"",\n      ""id"": ""esp"",\n      ""top"": 200,\n      ""left"": 100,\n      ""attrs"": {}\n    },\n    {\n      ""type"": ""buzzer"",\n      ""id"": ""buzzer"",\n      ""top"": 350,\n      ""left"": 100,\n      ""attrs"": {}\n    },\n    {\n      ""type"": ""push-button"",\n      ""id"": ""btn1"",\n      ""top"": 50,\n      ""left"": 400,\n      ""attrs"": {}\n    },\n    {\n      ""type"": ""push-button"",\n      ""id"": ""btn2"",\n      ""top"": 150,\n      ""left"": 400,\n      ""attrs"": {}\n    },\n    {\n      ""type"": ""led"",\n      ""id"": ""led1"",\n      ""top"": 250,\n      ""left"": 400,\n      ""attrs"": {}\n    },\n    {\n      ""type"": ""led"",\n      ""id"": ""led2"",\n      ""top"": 350,\n      ""left"": 400,\n      ""attrs"": {}\n    }\n  ],\n  ""connections"": [\n    [\n      ""lcd:VCC"",\n      ""esp:3V3"",\n      ""red"",\n      []\n    ],\n    [\n      ""lcd:GND"",\n      ""esp:GND"",\n      ""black"",\n      []\n    ],\n    [\n      ""lcd:SDA"",\n      ""esp:D21"",\n      ""blue"",\n      []\n    ],\n    [\n      ""lcd:SCL"",\n      ""esp:D22"",\n      ""green"",\n      []\n    ],\n    [\n      ""buzzer:VCC"",\n      ""esp:D23"",\n      ""orange"",\n      []\n    ],\n    [\n      ""buzzer:GND"",\n      ""esp:GND"",\n      ""purple"",\n      []\n    ],\n    [\n      ""btn1:1"",\n      ""esp:D18"",\n      ""pink"",\n      []\n    ],\n    [\n      ""btn1:2"",\n      ""esp:GND"",\n      ""brown"",\n      []\n    ],\n    [\n      ""btn2:1"",\n      ""esp:D19"",\n      ""grey"",\n      []\n    ],\n    [\n      ""btn2:2"",\n      ""esp:GND"",\n      ""turquoise"",\n      []\n    ],\n    [\n      ""led1:+"",\n      ""esp:D4"",\n      ""silver"",\n      []\n    ],\n    [\n      ""led1:-"",\n      ""esp:GND"",\n      ""gold"",\n      []\n    ],\n    [\n      ""led2:+"",\n      ""esp:D5"",\n      ""cyan"",\n      []\n    ],\n    [\n      ""led2:-"",\n      ""esp:GND"",\n      ""magenta"",\n      []\n    ]\n  ]\n}"
"Create a circuit with an Arduino Uno microcontroller connected to an MPU6050 inertial measurement unit. The Arduino Uno should provide 5V power to the MPU6050 through a red wire, and the two components should share a common ground connection through a black wire. The MPU6050's SCL pin should be connected to the Arduino Uno's A5 pin using a green wire, and the MPU6050's SDA pin should be connected to the Arduino Uno's A4 pin using another green wire. The circuit should be designed to allow the Arduino Uno to communicate with the MPU6050 using the I2C protocol.","{\n  ""version"": 1,\n  ""author"": ""Shakib"",\n  ""parts"": [\n    {\n      ""type"": ""arduino-uno"",\n      ""id"": ""arduino"",\n      ""top"": 100,\n      ""left"": 150,\n      ""attrs"": {}\n    },\n    {\n      ""type"": ""mpu6050"",\n      ""id"": ""mpu"",\n      ""top"": 100,\n      ""left"": 450,\n      ""attrs"": {}\n    }\n  ],\n  ""connections"": [\n    [\n      ""mpu:VCC"",\n      ""arduino:5V"",\n      ""red"",\n      []\n    ],\n    [\n      ""mpu:GND"",\n      ""arduino:GND"",\n      ""black"",\n      []\n    ],\n    [\n      ""mpu:SCL"",\n      ""arduino:A5"",\n      ""green"",\n      []\n    ],\n    [\n      ""mpu:SDA"",\n      ""arduino:A4"",\n      ""green"",\n      []\n    ]\n  ]\n}"
"Create a circuit with an ESP32 DevKit C V4 microcontroller board, set to have a 16MB flash size. The board should be connected to an SSD1306 OLED display with an I2C address of 0x3C, where the display's VCC pin is connected to the board's 5V pin and the display's GND pin is connected to the board's GND pin. The display's SCL pin should be connected to the board's pin 21 and the display's SDA pin should be connected to the board's pin 19. Additionally, two resistors should be connected to the board, one with a value of 0 ohms between the board's 3V3 pin and pin 21, and the other also with a value of 0 ohms between the board's 3V3 pin and pin 19. The circuit should also have a serial monitor connection to the board's TX and RX pins.","{\n  ""version"": 1,\n  ""author"": ""Shakib"",\n  ""parts"": [\n    {\n      ""type"": ""esp32-devkit-v1"",\n      ""id"": ""esp"",\n      ""top"": 100,\n      ""left"": 50,\n      ""attrs"": {\n        ""flash_size"": ""16MB""\n      }\n    },\n    {\n      ""type"": ""lcd-i2c"",\n      ""id"": ""oled"",\n      ""top"": 100,\n      ""left"": 350,\n      ""attrs"": {\n        ""address"": ""0x3C""\n      }\n    },\n    {\n      ""type"": ""resistor"",\n      ""id"": ""r1"",\n      ""top"": 150,\n      ""left"": 200,\n      ""attrs"": {\n        ""value"": ""0""\n      }\n    },\n    {\n      ""type"": ""resistor"",\n      ""id"": ""r2"",\n      ""top"": 150,\n      ""left"": 250,\n      ""attrs"": {\n        ""value"": ""0""\n      }\n    },\n    {\n      ""type"": ""hc05"",\n      ""id"": ""serial"",\n      ""top"": 250,\n      ""left"": 50,\n      ""attrs"": {}\n    }\n  ],\n  ""connections"": [\n    [\n      ""oled:VCC"",\n      ""esp:5V"",\n      ""red"",\n      []\n    ],\n    [\n      ""oled:GND"",\n      ""esp:GND"",\n      ""black"",\n      []\n    ],\n    [\n      ""oled:SCL"",\n      ""esp:D21"",\n      ""blue"",\n      []\n    ],\n    [\n      ""oled:SDA"",\n      ""esp:D19"",\n      ""yellow"",\n      []\n    ],\n    [\n      ""r1:1"",\n      ""esp:3V3"",\n      ""green"",\n      []\n    ],\n    [\n      ""r1:2"",\n      ""esp:D21"",\n      ""orange"",\n      []\n    ],\n    [\n      ""r2:1"",\n      ""esp:3V3"",\n      ""purple"",\n      []\n    ],\n    [\n      ""r2:2"",\n      ""esp:D19"",\n      ""pink"",\n      []\n    ],\n    [\n      ""serial:TX"",\n      ""esp:TX0"",\n      ""brown"",\n      []\n    ],\n    [\n      ""serial:RX"",\n      ""esp:RX0"",\n      ""grey"",\n      []\n    ]\n  ]\n}"
"Create a circuit with an ESP32 DevKit C V4 microcontroller connected to an SSD1306 OLED display, three pushbuttons, and a buzzer. The ESP32 should be connected to the OLED display via I2C, with the SCL pin connected to pin 22 and the SDA pin connected to pin 23. The OLED display should be powered by the ESP32's 3V3 pin. The three pushbuttons should be connected to the ESP32's digital pins: one pushbutton to pin 14, another to pin 27, and the third to pin 26, with each pushbutton also connected to the ESP32's GND pin. An additional pushbutton should be connected to pin 25 and GND The buzzer should be connected to the ESP32's digital pin 19 and GND, with the other terminal connected to the ESP32's GND pin. The circuit should have serial communication capabilities. The OLED display's address should be set to 0x3C. The buzzer's volume should be set to a low level. The pushbuttons should be black.","{\n  ""version"": 1,\n  ""author"": ""Shakib"",\n  ""parts"": [\n    {\n      ""type"": ""esp32-devkit-v1"",\n      ""id"": ""esp"",\n      ""top"": 50,\n      ""left"": 100,\n      ""attrs"": {}\n    },\n    {\n      ""type"": ""lcd-i2c"",\n      ""id"": ""oled"",\n      ""top"": 50,\n      ""left"": 400,\n      ""attrs"": {\n        ""value"": ""0x3C""\n      }\n    },\n    {\n      ""type"": ""push-button"",\n      ""id"": ""button1"",\n      ""top"": 200,\n      ""left"": 100,\n      ""attrs"": {\n        ""color"": ""black""\n      }\n    },\n    {\n      ""type"": ""push-button"",\n      ""id"": ""button2"",\n      ""top"": 250,\n      ""left"": 100,\n      ""attrs"": {\n        ""color"": ""black""\n      }\n    },\n    {\n      ""type"": ""push-button"",\n      ""id"": ""button3"",\n      ""top"": 300,\n      ""left"": 100,\n      ""attrs"": {\n        ""color"": ""black""\n      }\n    },\n    {\n      ""type"": ""push-button"",\n      ""id"": ""button4"",\n      ""top"": 350,\n      ""left"": 100,\n      ""attrs"": {\n        ""color"": ""black""\n      }\n    },\n    {\n      ""type"": ""buzzer"",\n      ""id"": ""buzzer"",\n      ""top"": 200,\n      ""left"": 400,\n      ""attrs"": {\n        ""volume"": ""low""\n      }\n    }\n  ],\n  ""connections"": [\n    [\n      ""oled:GND"",\n      ""esp:GND"",\n      ""brown"",\n      []\n    ],\n    [\n      ""oled:VCC"",\n      ""esp:3V3"",\n      ""red"",\n      []\n    ],\n    [\n      ""oled:SDA"",\n      ""esp:D23"",\n      ""green"",\n      []\n    ],\n    [\n      ""oled:SCL"",\n      ""esp:D22"",\n      ""blue"",\n      []\n    ],\n    [\n      ""button1:1"",\n      ""esp:D14"",\n      ""purple"",\n      []\n    ],\n    [\n      ""button1:2"",\n      ""esp:GND"",\n      ""gray"",\n      []\n    ],\n    [\n      ""button2:1"",\n      ""esp:D27"",\n      ""orange"",\n      []\n    ],\n    [\n      ""button2:2"",\n      ""esp:GND"",\n      ""pink"",\n      []\n    ],\n    [\n      ""button3:1"",\n      ""esp:D26"",\n      ""turquoise"",\n      []\n    ],\n    [\n      ""button3:2"",\n      ""esp:GND"",\n      ""silver"",\n      []\n    ],\n    [\n      ""button4:1"",\n      ""esp:D25"",\n      ""violet"",\n      []\n    ],\n    [\n      ""button4:2"",\n      ""esp:GND"",\n      ""cyan"",\n      []\n    ],\n    [\n      ""buzzer:GND"",\n      ""esp:GND"",\n      ""black"",\n      []\n    ],\n    [\n      ""buzzer:VCC"",\n      ""esp:D19"",\n      ""yellow"",\n      []\n    ]\n  ]\n}"
"Design a digital circuit that can generate a pixel art pattern on an LED matrix display. The circuit should include a microcontroller, an LED matrix driver, and a power supply. The microcontroller should be programmed to display a variety of pixel art images, including animations. The circuit should also include buttons or switches to allow users to navigate through different images and adjust the display settings. The LED matrix display should be at least 8x8 pixels in size and should be capable of displaying multiple colors. The circuit should be powered by a USB connection or a battery, and should include any necessary voltage regulators and capacitors to ensure stable operation.","{\n  ""version"": 1,\n  ""author"": ""Shakib"",\n  ""editor"": ""CircuitJson Editor"",\n  ""parts"": [\n    {\n      ""type"": ""esp32-devkit-v1"",\n      ""id"": ""microcontroller"",\n      ""top"": 100,\n      ""left"": 200,\n      ""attrs"": {}\n    },\n    {\n      ""type"": ""lcd-i2c"",\n      ""id"": ""led_matrix"",\n      ""top"": 250,\n      ""left"": 200,\n      ""attrs"": {}\n    },\n    {\n      ""type"": ""push-button"",\n      ""id"": ""button_up"",\n      ""top"": 50,\n      ""left"": 300,\n      ""attrs"": {}\n    },\n    {\n      ""type"": ""push-button"",\n      ""id"": ""button_down"",\n      ""top"": 150,\n      ""left"": 300,\n      ""attrs"": {}\n    },\n    {\n      ""type"": ""push-button"",\n      ""id"": ""button_left"",\n      ""top"": 100,\n      ""left"": 250,\n      ""attrs"": {}\n    },\n    {\n      ""type"": ""push-button"",\n      ""id"": ""button_right"",\n      ""top"": 100,\n      ""left"": 350,\n      ""attrs"": {}\n    },\n    {\n      ""type"": ""battery-9v"",\n      ""id"": ""power_supply"",\n      ""top"": 300,\n      ""left"": 200,\n      ""attrs"": {}\n    },\n    {\n      ""type"": ""resistor"",\n      ""id"": ""r1"",\n      ""top"": 220,\n      ""left"": 280,\n      ""attrs"": {\n        ""value"": ""1k""\n      }\n    },\n    {\n      ""type"": ""resistor"",\n      ""id"": ""r2"",\n      ""top"": 220,\n      ""left"": 320,\n      ""attrs"": {\n        ""value"": ""1k""\n      }\n    },\n    {\n      ""type"": ""capacitor"",\n      ""id"": ""c1"",\n      ""top"": 280,\n      ""left"": 280,\n      ""attrs"": {\n        ""value"": ""10u""\n      }\n    },\n    {\n      ""type"": ""capacitor"",\n      ""id"": ""c2"",\n      ""top"": 280,\n      ""left"": 320,\n      ""attrs"": {\n        ""value"": ""10u""\n      }\n    }\n  ],\n  ""connections"": [\n    [\n      ""microcontroller:TX0"",\n      ""led_matrix:SDA"",\n      ""blue"",\n      []\n    ],\n    [\n      ""microcontroller:RX0"",\n      ""led_matrix:SCL"",\n      ""red"",\n      []\n    ],\n    [\n      ""microcontroller:D21"",\n      ""button_up:1"",\n      ""green"",\n      []\n    ],\n    [\n      ""microcontroller:D22"",\n      ""button_down:1"",\n      ""yellow"",\n      []\n    ],\n    [\n      ""microcontroller:D23"",\n      ""button_left:1"",\n      ""purple"",\n      []\n    ],\n    [\n      ""microcontroller:D19"",\n      ""button_right:1"",\n      ""orange"",\n      []\n    ],\n    [\n      ""power_supply:VCC"",\n      ""microcontroller:VIN"",\n      ""black"",\n      []\n    ],\n    [\n      ""power_supply:GND"",\n      ""microcontroller:GND"",\n      ""brown"",\n      []\n    ],\n    [\n      ""microcontroller:D13"",\n      ""led_matrix:GND"",\n      ""grey"",\n      []\n    ],\n    [\n      ""r1:1"",\n      ""button_up:2"",\n      ""pink"",\n      []\n    ],\n    [\n      ""r1:2"",\n      ""microcontroller:D18"",\n      ""turquoise"",\n      []\n    ],\n    [\n      ""r2:1"",\n      ""button_down:2"",\n      ""silver"",\n      []\n    ],\n    [\n      ""r2:2"",\n      ""microcontroller:D17"",\n      ""gold"",\n      []\n    ],\n    [\n      ""c1:+"",\n      ""power_supply:VCC"",\n      ""white"",\n      []\n    ],\n    [\n      ""c1:-"",\n      ""microcontroller:GND"",\n      ""black"",\n      []\n    ],\n    [\n      ""c2:+"",\n      ""power_supply:VCC"",\n      ""white"",\n      []\n    ],\n    [\n      ""c2:-"",\n      ""microcontroller:GND"",\n      ""black"",\n      []\n    ]\n  ]\n}"
"Create a circuit consisting of an ESP32-S3 development board connected to three LEDs of different colors: red, green, and yellow. The LEDs are connected to the board through 1kΩ resistors. A pushbutton is connected to the board and also to another 1kΩ resistor, which is connected to the ground pin of the board. A photoresistor sensor is connected to the board, with one terminal connected to the ground pin and the other terminal connected to an analog input pin. The circuit should have connections to allow for serial communication and power supply. The components should be arranged in a way that allows for a functional and visually organized layout, with wires and connections made to match the described configuration.","{\n  ""version"": 1,\n  ""author"": ""Circuit Designer"",\n  ""parts"": [\n    {\n      ""type"": ""esp32-devkit-v1"",\n      ""id"": ""esp"",\n      ""top"": 100,\n      ""left"": 50,\n      ""attrs"": {}\n    },\n    {\n      ""type"": ""led"",\n      ""id"": ""red-led"",\n      ""top"": 250,\n      ""left"": 150,\n      ""attrs"": {\n        ""value"": ""Red LED""\n      }\n    },\n    {\n      ""type"": ""resistor"",\n      ""id"": ""r1"",\n      ""top"": 200,\n      ""left"": 150,\n      ""attrs"": {\n        ""value"": ""1kΩ""\n      }\n    },\n    {\n      ""type"": ""led"",\n      ""id"": ""green-led"",\n      ""top"": 250,\n      ""left"": 250,\n      ""attrs"": {\n        ""value"": ""Green LED""\n      }\n    },\n    {\n      ""type"": ""resistor"",\n      ""id"": ""r2"",\n      ""top"": 200,\n      ""left"": 250,\n      ""attrs"": {\n        ""value"": ""1kΩ""\n      }\n    },\n    {\n      ""type"": ""led"",\n      ""id"": ""yellow-led"",\n      ""top"": 250,\n      ""left"": 350,\n      ""attrs"": {\n        ""value"": ""Yellow LED""\n      }\n    },\n    {\n      ""type"": ""resistor"",\n      ""id"": ""r3"",\n      ""top"": 200,\n      ""left"": 350,\n      ""attrs"": {\n        ""value"": ""1kΩ""\n      }\n    },\n    {\n      ""type"": ""push-button"",\n      ""id"": ""button"",\n      ""top"": 300,\n      ""left"": 50,\n      ""attrs"": {}\n    },\n    {\n      ""type"": ""resistor"",\n      ""id"": ""r4"",\n      ""top"": 350,\n      ""left"": 50,\n      ""attrs"": {\n        ""value"": ""1kΩ""\n      }\n    },\n    {\n      ""type"": ""photo-resistor"",\n      ""id"": ""photo-resistor"",\n      ""top"": 300,\n      ""left"": 400,\n      ""attrs"": {}\n    }\n  ],\n  ""connections"": [\n    [\n      ""esp:D21"",\n      ""r1:1"",\n      ""blue"",\n      []\n    ],\n    [\n      ""r1:2"",\n      ""red-led:+"",\n      ""red"",\n      []\n    ],\n    [\n      ""red-led:-"",\n      ""esp:GND"",\n      ""black"",\n      []\n    ],\n    [\n      ""esp:D22"",\n      ""r2:1"",\n      ""orange"",\n      []\n    ],\n    [\n      ""r2:2"",\n      ""green-led:+"",\n      ""green"",\n      []\n    ],\n    [\n      ""green-led:-"",\n      ""esp:GND"",\n      ""black"",\n      []\n    ],\n    [\n      ""esp:D23"",\n      ""r3:1"",\n      ""purple"",\n      []\n    ],\n    [\n      ""r3:2"",\n      ""yellow-led:+"",\n      ""yellow"",\n      []\n    ],\n    [\n      ""yellow-led:-"",\n      ""esp:GND"",\n      ""black"",\n      []\n    ],\n    [\n      ""button:1"",\n      ""esp:D2"",\n      ""brown"",\n      []\n    ],\n    [\n      ""button:2"",\n      ""r4:1"",\n      ""grey"",\n      []\n    ],\n    [\n      ""r4:2"",\n      ""esp:GND"",\n      ""black"",\n      []\n    ],\n    [\n      ""photo-resistor:A0"",\n      ""esp:D33"",\n      ""pink"",\n      []\n    ],\n    [\n      ""photo-resistor:GND"",\n      ""esp:GND"",\n      ""black"",\n      []\n    ],\n    [\n      ""esp:TX0"",\n      ""esp:RX0"",\n      ""cyan"",\n      []\n    ],\n    [\n      ""esp:VIN"",\n      ""esp:GND"",\n      ""magenta"",\n      []\n    ]\n  ]\n}"
"Create a circuit with an ESP32 DevKit C V4 board as the main microcontroller, connected to two red LEDs. The LEDs should be connected to digital pins 2 and 4 of the ESP32 board, respectively, with their anodes connected to the pins and their cathodes connected to the ground pin of the ESP32 board. The circuit should also include a serial monitor connection to the ESP32 board, allowing for communication between the board and a terminal. The LEDs should be powered by the ESP32 board and should be able to be controlled independently. The circuit should be designed to work with a Rust-based framework for programming the ESP32 board.","{\n  ""version"": 1,\n  ""author"": ""Shakib"",\n  ""parts"": [\n    {\n      ""type"": ""esp32-devkit-v1"",\n      ""id"": ""esp"",\n      ""top"": 100,\n      ""left"": 200,\n      ""attrs"": {}\n    },\n    {\n      ""type"": ""led"",\n      ""id"": ""led1"",\n      ""top"": 50,\n      ""left"": 400,\n      ""attrs"": {}\n    },\n    {\n      ""type"": ""led"",\n      ""id"": ""led2"",\n      ""top"": 150,\n      ""left"": 400,\n      ""attrs"": {}\n    },\n    {\n      ""type"": ""hc05"",\n      ""id"": ""serial"",\n      ""top"": 250,\n      ""left"": 200,\n      ""attrs"": {}\n    }\n  ],\n  ""connections"": [\n    [\n      ""led1:+"",\n      ""esp:D2"",\n      ""red"",\n      []\n    ],\n    [\n      ""led1:-"",\n      ""esp:GND"",\n      ""black"",\n      []\n    ],\n    [\n      ""led2:+"",\n      ""esp:D4"",\n      ""blue"",\n      []\n    ],\n    [\n      ""led2:-"",\n      ""esp:GND"",\n      ""grey"",\n      []\n    ],\n    [\n      ""serial:TX"",\n      ""esp:TX0"",\n      ""orange"",\n      []\n    ],\n    [\n      ""serial:RX"",\n      ""esp:RX0"",\n      ""purple"",\n      []\n    ],\n    [\n      ""serial:GND"",\n      ""esp:GND"",\n      ""brown"",\n      []\n    ],\n    [\n      ""serial:VCC"",\n      ""esp:3V3"",\n      ""green"",\n      []\n    ]\n  ]\n}"
"Create a circuit with an ESP32 development board as the main controller, connected to a PIR motion sensor, a red LED, an SSD1306 OLED display, and a DHT22 temperature and humidity sensor. The PIR motion sensor should be powered by the ESP32's 3V3 pin and have its output connected to the ESP32's digital pin 14. The red LED should have its anode connected to the ESP32's digital pin 13 and its cathode connected to the ESP32's GND pin. The DHT22 sensor should be connected to the ESP32's 3V3, GND, and digital pin 15 for data transmission. The SSD1306 OLED display should be connected to the ESP32's 3V3, GND, SCL, and SDA pins, with the SCL pin connected to the ESP32's digital pin 22 and the SDA pin connected to the ESP32's digital pin 21. The circuit should also have serial communication connections between the ESP32 and a serial monitor. Ensure all connections are made with the appropriate colored wires, including red for power, black for ground, green for data, and yellow for the OLED display's SCL pin.","{\n  ""version"": 1,\n  ""author"": ""Shakib"",\n  ""parts"": [\n    {\n      ""type"": ""esp32-devkit-v1"",\n      ""id"": ""esp"",\n      ""top"": 50,\n      ""left"": 100,\n      ""attrs"": {}\n    },\n    {\n      ""type"": ""pir-motion"",\n      ""id"": ""pir"",\n      ""top"": 200,\n      ""left"": 300,\n      ""attrs"": {}\n    },\n    {\n      ""type"": ""led"",\n      ""id"": ""led"",\n      ""top"": 250,\n      ""left"": 100,\n      ""attrs"": {}\n    },\n    {\n      ""type"": ""dht22"",\n      ""id"": ""dht22"",\n      ""top"": 150,\n      ""left"": 500,\n      ""attrs"": {}\n    },\n    {\n      ""type"": ""ssd1306"",\n      ""id"": ""ssd1306"",\n      ""top"": 250,\n      ""left"": 500,\n      ""attrs"": {}\n    }\n  ],\n  ""connections"": [\n    [\n      ""pir:+"",\n      ""esp:3V3"",\n      ""red"",\n      []\n    ],\n    [\n      ""pir:-"",\n      ""esp:GND"",\n      ""black"",\n      []\n    ],\n    [\n      ""pir:D"",\n      ""esp:D14"",\n      ""green"",\n      []\n    ],\n    [\n      ""led:+"",\n      ""esp:D13"",\n      ""orange"",\n      []\n    ],\n    [\n      ""led:-"",\n      ""esp:GND"",\n      ""black"",\n      []\n    ],\n    [\n      ""dht22:VCC"",\n      ""esp:3V3"",\n      ""red"",\n      []\n    ],\n    [\n      ""dht22:GND"",\n      ""esp:GND"",\n      ""black"",\n      []\n    ],\n    [\n      ""dht22:DATA"",\n      ""esp:D15"",\n      ""green"",\n      []\n    ],\n    [\n      ""ssd1306:VCC"",\n      ""esp:3V3"",\n      ""red"",\n      []\n    ],\n    [\n      ""ssd1306:GND"",\n      ""esp:GND"",\n      ""black"",\n      []\n    ],\n    [\n      ""ssd1306:SCL"",\n      ""esp:D22"",\n      ""yellow"",\n      []\n    ],\n    [\n      ""ssd1306:SDA"",\n      ""esp:D21"",\n      ""blue"",\n      []\n    ],\n    [\n      ""esp:TX0"",\n      ""serial:RX"",\n      ""purple"",\n      []\n    ],\n    [\n      ""esp:RX0"",\n      ""serial:TX"",\n      ""brown"",\n      []\n    ]\n  ]\n}"
"Create a circuit with an Arduino Uno connected to three LEDs of different colors (red, yellow, and green) and three 1-kilohm resistors. The LEDs should be connected to digital pins 3, 5, and 6 of the Arduino, and the resistors should be connected in series with the LEDs. Additionally, connect two 7-segment displays to the Arduino, with one display connected to analog pins A0-A5 and digital pin 2, and the other display connected to digital pins 4, 7-12. The 7-segment displays should also be connected to a 1-kilohm resistor, which is connected to the 5V power supply of the Arduino. Ensure all connections are made correctly, with the Arduino's GND pin connected to the cathodes of the LEDs and the 7-segment displays' common pins connected to the resistor network.","{\n  ""version"": 1,\n  ""author"": ""Circuit Designer"",\n  ""parts"": [\n    {\n      ""type"": ""arduino-uno"",\n      ""id"": ""arduino"",\n      ""top"": 50,\n      ""left"": 200,\n      ""attrs"": {}\n    },\n    {\n      ""type"": ""led"",\n      ""id"": ""red-led"",\n      ""top"": 150,\n      ""left"": 100,\n      ""attrs"": {\n        ""value"": ""Red""\n      }\n    },\n    {\n      ""type"": ""led"",\n      ""id"": ""yellow-led"",\n      ""top"": 150,\n      ""left"": 250,\n      ""attrs"": {\n        ""value"": ""Yellow""\n      }\n    },\n    {\n      ""type"": ""led"",\n      ""id"": ""green-led"",\n      ""top"": 150,\n      ""left"": 400,\n      ""attrs"": {\n        ""value"": ""Green""\n      }\n    },\n    {\n      ""type"": ""resistor"",\n      ""id"": ""r1"",\n      ""top"": 120,\n      ""left"": 100,\n      ""attrs"": {\n        ""value"": ""1k""\n      }\n    },\n    {\n      ""type"": ""resistor"",\n      ""id"": ""r2"",\n      ""top"": 120,\n      ""left"": 250,\n      ""attrs"": {\n        ""value"": ""1k""\n      }\n    },\n    {\n      ""type"": ""resistor"",\n      ""id"": ""r3"",\n      ""top"": 120,\n      ""left"": 400,\n      ""attrs"": {\n        ""value"": ""1k""\n      }\n    },\n    {\n      ""type"": ""7-segment-display"",\n      ""id"": ""display1"",\n      ""top"": 250,\n      ""left"": 50,\n      ""attrs"": {}\n    },\n    {\n      ""type"": ""7-segment-display"",\n      ""id"": ""display2"",\n      ""top"": 250,\n      ""left"": 350,\n      ""attrs"": {}\n    },\n    {\n      ""type"": ""resistor"",\n      ""id"": ""r4"",\n      ""top"": 220,\n      ""left"": 200,\n      ""attrs"": {\n        ""value"": ""1k""\n      }\n    }\n  ],\n  ""connections"": [\n    [\n      ""arduino:D3"",\n      ""r1:1"",\n      ""blue"",\n      []\n    ],\n    [\n      ""r1:2"",\n      ""red-led:+"",\n      ""orange"",\n      []\n    ],\n    [\n      ""red-led:-"",\n      ""arduino:GND"",\n      ""black"",\n      []\n    ],\n    [\n      ""arduino:D5"",\n      ""r2:1"",\n      ""purple"",\n      []\n    ],\n    [\n      ""r2:2"",\n      ""yellow-led:+"",\n      ""pink"",\n      []\n    ],\n    [\n      ""yellow-led:-"",\n      ""arduino:GND"",\n      ""brown"",\n      []\n    ],\n    [\n      ""arduino:D6"",\n      ""r3:1"",\n      ""gray"",\n      []\n    ],\n    [\n      ""r3:2"",\n      ""green-led:+"",\n      ""turquoise"",\n      []\n    ],\n    [\n      ""green-led:-"",\n      ""arduino:GND"",\n      ""silver"",\n      []\n    ],\n    [\n      ""arduino:A0"",\n      ""display1:a"",\n      ""red"",\n      []\n    ],\n    [\n      ""arduino:A1"",\n      ""display1:b"",\n      ""green"",\n      []\n    ],\n    [\n      ""arduino:A2"",\n      ""display1:c"",\n      ""blue"",\n      []\n    ],\n    [\n      ""arduino:A3"",\n      ""display1:d"",\n      ""yellow"",\n      []\n    ],\n    [\n      ""arduino:A4"",\n      ""display1:e"",\n      ""orange"",\n      []\n    ],\n    [\n      ""arduino:A5"",\n      ""display1:f"",\n      ""purple"",\n      []\n    ],\n    [\n      ""arduino:D2"",\n      ""display1:com"",\n      ""pink"",\n      []\n    ],\n    [\n      ""display1:com1"",\n      ""r4:1"",\n      ""black"",\n      []\n    ],\n    [\n      ""r4:2"",\n      ""arduino:5V"",\n      ""white"",\n      []\n    ],\n    [\n      ""arduino:D4"",\n      ""display2:b"",\n      ""brown"",\n      []\n    ],\n    [\n      ""arduino:D7"",\n      ""display2:a"",\n      ""gray"",\n      []\n    ],\n    [\n      ""arduino:D8"",\n      ""display2:com"",\n      ""turquoise"",\n      []\n    ],\n    [\n      ""arduino:D9"",\n      ""display2:f"",\n      ""silver"",\n      []\n    ],\n    [\n      ""arduino:D10"",\n      ""display2:g"",\n      ""red"",\n      []\n    ],\n    [\n      ""arduino:D11"",\n      ""display2:d"",\n      ""green"",\n      []\n    ],\n    [\n      ""arduino:D12"",\n      ""display2:e"",\n      ""blue"",\n      []\n    ],\n    [\n      ""display2:com1"",\n      ""r4:1"",\n      ""orange"",\n      []\n    ]\n  ]\n}"
